"Test","Seed","RotationDeg","TranslationMm","JointsDeg","InitialDice","FinalDice","LeftDice","RightDice","PassOverall","PassBothArms","L_T","R_T","L_R","R_R","L_J","R_J"
"R1_T1_J1","2026","1","1","1","0.687423835198084","0.988901386658351","0.988427221775055","0.989375551541646","True","True","0.693692803382874","0.660414397716522","0.493371665477753","1.08281695842743","0.385567605495453","1.01292562484741"
"R1_T1_J1","2027","1","1","1","0.639953126509984","0.980221807956696","0.975969394048055","0.984474221865336","True","True","0.720636248588562","0.624192714691162","0.342640697956085","0.947087049484253","0.218423768877983","0.994421899318695"
"R1_T1_J1","2028","1","1","1","0.643376171588898","0.970166226228078","0.95792951186498","0.982402940591176","True","True","0.714080691337585","0.596206605434418","1.44320023059845","0.360451996326447","0.803859710693359","0.418088853359222"
"R1_T1_J1","2029","1","1","1","0.906303912401199","0.981426388025284","0.978773474693298","0.984079301357269","True","True","0.725968897342682","0.622842907905579","0.828034698963165","0.266878634691238","0.445722192525864","0.201256930828094"
"R1_T1_J1","2030","1","1","1","0.578806440035502","0.799147297938665","0.613249361515045","0.985045234362284","False","False","2.20520186424255","0.632011234760284","0.356082707643509","0.930411458015442","1.58554768562317","0.896965384483337"
"R1_T1_J1","2031","1","1","1","0.842572063207626","0.984476357698441","0.9815593957901","0.987393319606781","True","True","0.808337867259979","0.705305993556976","0.240662753582001","1.19811987876892","0.337291806936264","0.847443282604218"
"R1_T1_J1","2032","1","1","1","0.64912294348081","0.945082088311513","0.901351670424143","0.988812506198883","False","False","1.12267255783081","0.608126223087311","1.27257061004639","0.491782695055008","0.665367484092712","0.285650610923767"
"R1_T1_J1","2033","1","1","1","0.812717775503794","0.983482350905736","0.980325043201446","0.986639658610026","True","True","0.682904541492462","0.643459260463715","0.410216242074966","0.895692646503448","0.247375816106796","0.370423793792725"
"R1_T1_J1","2034","1","1","1","0.609683747092883","0.975062102079392","0.967510680357615","0.982613523801168","True","True","0.664544939994812","0.669655919075012","1.03552091121674","1.13746023178101","1.04480719566345","0.665129244327545"
"R1_T1_J1","2035","1","1","1","0.705364182591438","0.975524773200353","0.964089016119639","0.986960530281067","True","True","0.759105622768402","0.661458313465118","0.929569780826569","0.669103264808655","1.25764393806458","0.713533103466034"
"R2_T2_J2","2026","2","2","2","0.451646407445272","0.734866092602412","0.985426207383474","0.48430597782135","False","False","0.772930264472961","2.59785079956055","0.600030839443207","4.01590633392334","0.593708515167236","1.55939424037933"
"R2_T2_J2","2027","2","2","2","0.37122742831707","0.832324614127477","0.704730371634165","0.959918856620789","False","False","2.12468814849854","0.720190107822418","4.21203279495239","3.13525247573853","0.259237557649612","2.07401561737061"
"R2_T2_J2","2028","2","2","2","0.4008527820309","0.621570467948914","0.258833646774292","0.984307289123535","False","False","4.29181051254272","0.595604062080383","3.52447867393494","0.445872455835342","1.20098066329956","0.629888474941254"
"R2_T2_J2","2029","2","2","2","0.816792547702789","0.986893425385157","0.986050128936768","0.987736721833547","True","True","0.773881137371063","0.672262251377106","0.551074385643005","0.698855936527252","1.18151354789734","0.526032447814941"
"R2_T2_J2","2030","2","2","2","0.374234249194463","0.522291181259789","0.0944539860356599","0.950128376483917","False","False","5.45363092422485","0.780445158481598","4.54096651077271","2.89583730697632","2.42024374008179","1.57988357543945"
"R2_T2_J2","2031","2","2","2","0.702412332097689","0.921271065870921","0.984250803788503","0.858291327953339","False","False","0.79064667224884","1.33737981319427","0.0559529103338718","2.84922528266907","0.844532430171967","1.30000448226929"
"R2_T2_J2","2032","2","2","2","0.410558477044106","0.705035294095675","0.628575712442398","0.781494875748952","False","False","2.36623048782349","1.03658175468445","3.1716320514679","2.56292414665222","1.29846680164337","1.31719434261322"
"R2_T2_J2","2033","2","2","2","0.663241917888323","0.891639957825343","0.800979554653168","0.982300360997518","False","False","1.41969227790833","0.624606251716614","4.49553346633911","1.53493130207062","0.868378877639771","1.26273798942566"
"R2_T2_J2","2034","2","2","2","0.340340423863381","0.340340423863381","0.346119165420532","0.33456168230623","False","False","2.27545380592346","3.98967242240906","2.24157905578613","3.2228217124939","1.94802927970886","1.73641133308411"
"R2_T2_J2","2035","2","2","2","0.49872403840224","0.86430279413859","0.744669576485952","0.983936011791229","False","False","1.51204717159271","0.635857164859772","4.03555870056152","0.567862331867218","2.28408145904541","1.78109920024872"
"R3_T3_J3","2026","3","3","3","0.290785921737552","0.290785921737552","0.309058537085851","0.272513306389252","False","False","1.98361885547638","4.58312511444092","5.86574840545654","3.67098546028137","1.23545265197754","3.20391154289246"
"R3_T3_J3","2027","3","3","3","0.215549971985941","0.215549971985941","0.104674788968017","0.326425155003866","False","False","5.73839235305786","4.77406072616577","3.54309511184692","7.22716093063354","0.30286768078804","3.31430864334106"
"R3_T3_J3","2028","3","3","3","0.260522202006541","0.260522202006541","0.0434978511960556","0.477546552817027","False","False","6.0953221321106","2.85745882987976","4.21231079101563","3.86056900024414","1.80385088920593","1.61972320079803"
"R3_T3_J3","2029","3","3","3","0.730952898661296","0.974367479483286","0.965516686439514","0.983218272527059","True","True","0.728154003620148","0.627596616744995","0.617389559745789","0.735950708389282","2.03886413574219","0.93080735206604"
"R3_T3_J3","2030","3","3","3","0.262483654543757","0.262483654543757","0.0116754236320655","0.513291885455449","False","False","9.0684118270874","5.95608997344971","7.21727228164673","3.6198513507843","3.68357706069946","1.76214826107025"
"R3_T3_J3","2031","3","3","3","0.574591971933842","0.798501645525297","0.973290284474691","0.623713006575902","False","False","0.723482370376587","3.77640604972839","0.892190456390381","7.24472951889038","1.57993316650391","1.69060075283051"
"R3_T3_J3","2032","3","3","3","0.29780987999402","0.385539428641399","0.3099425137043","0.461136343578498","False","False","5.23599529266357","3.12317538261414","4.52619028091431","6.7489538192749","1.8239997625351","2.0268452167511"
"R3_T3_J3","2033","3","3","3","0.576352010170619","0.679524968067805","0.382448454697927","0.976601481437683","False","False","5.9537935256958","0.801454544067383","5.18799114227295","2.65623354911804","1.44597041606903","1.90666460990906"
"R3_T3_J3","2034","3","3","3","0.194492528835932","0.194492528835932","0.151881987849871","0.237103069821994","False","False","3.41318130493164","5.98451089859009","3.36254954338074","4.8232045173645","2.92204475402832","2.60461664199829"
"R3_T3_J3","2035","3","3","3","0.383226777116458","0.620677952965101","0.271973560253779","0.969382345676422","False","False","16.9367179870605","0.76338928937912","6.28147554397583","2.90905666351318","2.66648316383362","4.15707015991211"
"R5_T3_J3","2026","5","3","3","0.275603459527095","0.275603459527095","0.281631775200367","0.269575143853823","False","False","1.98361885547638","4.58312511444092","9.7826337814331","6.1307258605957","1.23545265197754","3.20391154289246"
"R5_T3_J3","2027","5","3","3","0.219104749771456","0.219104749771456","0.104174053296447","0.334035446246465","False","False","5.73839235305786","4.77406072616577","5.92532920837402","12.0564661026001","0.30286768078804","3.31430864334106"
"R5_T3_J3","2028","5","3","3","0.291258125876387","0.291258125876387","0.0707795905570189","0.511736661195755","False","False","6.0953221321106","2.85745882987976","7.03870964050293","6.45737314224243","1.80385088920593","1.61972320079803"
"R5_T3_J3","2029","5","3","3","0.692428489526113","0.96048707763354","0.934487561384837","0.986486593882243","True","False","0.664573132991791","0.655770242214203","1.49279010295868","0.414014637470245","2.47445464134216","0.738938808441162"
"R5_T3_J3","2030","5","3","3","0.256358864717185","0.256358864717185","0.00848956468204657","0.504228164752324","False","False","9.0684118270874","5.95608997344971","12.0167350769043","6.02772808074951","3.68357706069946","1.76214826107025"
"R5_T3_J3","2031","5","3","3","0.585992902517319","0.809265474478404","0.970846116542816","0.647684832413991","False","False","0.720697522163391","3.48238730430603","1.59151554107666","6.94054222106934","1.55465793609619","1.55698490142822"
"R5_T3_J3","2032","5","3","3","0.290158295887522","0.349825570980708","0.293125728766123","0.406525413195292","False","False","5.97135543823242","3.73435926437378","6.4122748374939","10.7555017471313","1.76341950893402","2.26139736175537"
"R5_T3_J3","2033","5","3","3","0.598655159274737","0.700116316477458","0.433183332284292","0.967049300670624","False","False","4.8190131187439","0.944732666015625","8.31025886535645","4.42111110687256","1.18790197372437","2.62581014633179"
"R5_T3_J3","2034","5","3","3","0.204512884219488","0.204512884219488","0.170911431312561","0.238114337126414","False","False","3.41318130493164","5.98451089859009","5.60584354400635","8.00189590454102","2.92204475402832","2.60461664199829"
"R5_T3_J3","2035","5","3","3","0.352259623507659","0.583295896649361","0.23088068763415","0.935711105664571","False","False","17.4206924438477","0.533605694770813","11.2311239242554","2.82784724235535","2.64419984817505","4.07060384750366"
"R3_T5_J3","2026","3","5","3","0.111960112970943","0.111960112970943","0.127060193413248","0.0968600325286388","False","False","3.30602979660034","7.63854122161865","5.86574840545654","3.67098546028137","1.23545265197754","3.20391154289246"
"R3_T5_J3","2027","3","5","3","0.05807859202226","0.05807859202226","0.00953895101944606","0.106618233025074","False","False","9.56398296356201","7.95677280426025","3.54309511184692","7.22716093063354","0.30286768078804","3.31430864334106"
"R3_T5_J3","2028","3","5","3","0.130553452763706","0.130553452763706","0","0.261106905527413","False","False","10.1588716506958","4.76243257522583","4.21231079101563","3.86056900024414","1.80385088920593","1.61972320079803"
"R3_T5_J3","2029","3","5","3","0.638873606920242","0.873701800902685","0.762041687965393","0.985361913839976","False","False","1.60170638561249","0.674442827701569","3.43649744987488","0.606517910957336","1.66581273078918","0.900969982147217"
"R3_T5_J3","2030","3","5","3","0.157539900081853","0.157539900081853","0.0061196107417345","0.308960189421972","False","False","15.1140203475952","9.92681312561035","7.21727228164673","3.6198513507843","3.68357706069946","1.76214826107025"
"R3_T5_J3","2031","3","5","3","0.368766746173302","0.671608531847596","0.975987871487935","0.367229192207257","False","False","0.769629120826721","6.683180809021","1.48200142383575","8.05447006225586","1.58825016021729","1.75106024742126"
"R3_T5_J3","2032","3","5","3","0.11118438312163","0.11118438312163","0.01794968234996","0.204419083893299","False","False","11.2363958358765","6.51335000991821","2.70732641220093","6.65837955474854","1.90455949306488","1.98268914222717"
"R3_T5_J3","2033","3","5","3","0.410200717548529","0.410200717548529","0.191787555813789","0.628613879283269","False","False","13.7576675415039","5.8524227142334","3.39061331748962","5.36914348602295","1.53658425807953","3.31400108337402"
"R3_T5_J3","2034","3","5","3","0.0655247258643309","0.0655247258643309","0.0592952991525332","0.0717541525761286","False","False","5.68863487243652","9.97418403625488","3.36254954338074","4.8232045173645","2.92204475402832","2.60461664199829"
"R3_T5_J3","2035","3","5","3","0.1977378706603","0.1977378706603","0.017384927564611","0.378090813755989","False","False","11.2741365432739","3.44682097434998","7.49551391601563","2.60579252243042","2.5804603099823","4.44132804870605"
"R3_T3_J5","2026","3","3","5","0.28646417039757","0.28646417039757","0.310806959867477","0.262121380927662","False","False","1.98361885547638","4.58312511444092","5.86574840545654","3.67098546028137","2.05908584594727","5.33985280990601"
"R3_T3_J5","2027","3","3","5","0.215953767610093","0.215953767610093","0.104670917615294","0.327236617604891","False","False","5.73839235305786","4.77406072616577","3.54309511184692","7.22716093063354","0.504782855510712","5.5238471031189"
"R3_T3_J5","2028","3","3","5","0.257162473862991","0.257162473862991","0.0434865201823413","0.47083842754364","False","False","6.0953221321106","2.85745882987976","4.21231079101563","3.86056900024414","3.00642061233521","2.69953799247742"
"R3_T3_J5","2029","3","3","5","0.725858469804128","0.958292702833811","0.935896297295888","0.980689108371735","True","False","0.677709460258484","0.587761044502258","0.828507125377655","0.609093427658081","3.28421950340271","1.51851987838745"
"R3_T3_J5","2030","3","3","5","0.261966451071203","0.261966451071203","0.0091164093464613","0.514816492795944","False","False","9.0684118270874","5.95608997344971","7.21727228164673","3.6198513507843","6.13929271697998","2.93691420555115"
"R3_T3_J5","2031","3","3","5","0.566195257008076","0.80041212340196","0.971706668535868","0.629117578268051","False","False","0.733281970024109","3.69938158988953","1.32824862003326","7.08449029922485","2.8974461555481","2.7986102104187"
"R3_T3_J5","2032","3","3","5","0.300755006959662","0.392345319191615","0.325621475776037","0.459069162607193","False","False","5.13918161392212","3.19031929969788","4.04263734817505","6.2055459022522","2.79917335510254","3.38748812675476"
"R3_T3_J5","2033","3","3","5","0.567804704109828","0.655005897084872","0.343545407056808","0.966466387112935","False","False","11.2827129364014","0.656377136707306","5.16558456420898","2.03182148933411","2.31671047210693","3.82351279258728"
"R3_T3_J5","2034","3","3","5","0.188989901294311","0.188989901294311","0.15182047833999","0.226159324248632","False","False","3.41318130493164","5.98451089859009","3.36254954338074","4.8232045173645","3.95012378692627","4.34102725982666"
"R3_T3_J5","2035","3","3","5","0.382270187139511","0.613730366031329","0.258742858966192","0.968717873096466","False","False","17.028003692627","0.774839401245117","6.2875280380249","1.90083980560303","3.2105405330658","6.75066518783569"
"R5_T5_J5","2026","5","5","5","0.106242669125398","0.106242669125398","0.125510265429815","0.0869750728209813","False","False","3.30602979660034","7.63854122161865","9.7826337814331","6.1307258605957","2.05908584594727","5.33985280990601"
"R5_T5_J5","2027","5","5","5","0.0647277617827058","0.0647277617827058","0.00886739231646061","0.120588131248951","False","False","9.56398296356201","7.95677280426025","5.92532920837402","12.0564661026001","0.504782855510712","5.5238471031189"
"R5_T5_J5","2028","5","5","5","0.126921210127572","0.126921210127572","0","0.253842420255144","False","False","10.1588716506958","4.76243257522583","7.03870964050293","6.45737314224243","3.00642061233521","2.69953799247742"
"R5_T5_J5","2029","5","5","5","0.59939352919658","0.804553359746933","0.625949958960215","0.983156760533651","False","False","2.02230381965637","0.566525399684906","2.07622289657593","0.553200721740723","3.83415579795837","1.6870584487915"
"R5_T5_J5","2030","5","5","5","0.157653349994992","0.157653349994992","0.00218644412234426","0.31312025586764","False","False","15.1140203475952","9.92681312561035","12.0167350769043","6.02772808074951","6.13929271697998","2.93691420555115"
"R5_T5_J5","2031","5","5","5","0.380054172749321","0.612087478705992","0.96750807762146","0.256666879790525","False","False","0.741774499416351","9.06052684783936","1.24269556999207","9.31050777435303","2.80616426467896","3.52089548110962"
"R5_T5_J5","2032","5","5","5","0.112143269274384","0.112143269274384","0.0150433825328946","0.209243156015873","False","False","11.2363958358765","6.51335000991821","4.51014995574951","11.0921039581299","3.17426347732544","3.30448150634766"
"R5_T5_J5","2033","5","5","5","0.421519900361697","0.421519900361697","0.194744378328323","0.64829542239507","False","False","13.7576675415039","5.8524227142334","5.64132118225098","8.92728805541992","2.56097269058228","5.52333450317383"
"R5_T5_J5","2034","5","5","5","0.0691527370363474","0.0691527370363474","0.0635135012368361","0.0747919728358587","False","False","5.68863487243652","9.97418403625488","5.60584354400635","8.00189590454102","3.95012378692627","4.34102725982666"
"R5_T5_J5","2035","5","5","5","0.197114942284922","0.197114942284922","0.00804505248864492","0.386184832081199","False","False","11.2741365432739","3.44682097434998","12.4513244628906","4.34289169311523","3.13904571533203","7.40221405029297"
"R8_T5_J8","2026","8","5","8","0.0970700085163116","0.0970700085163116","0.121185181041559","0.0729548359910647","False","False","3.30602979660034","7.63854122161865","15.6670694351196","9.83867168426514","3.29453945159912","8.5437650680542"
"R8_T5_J8","2027","8","5","8","0.0750483538334568","0.0750483538334568","0.00904977383712927","0.141046933829784","False","False","9.56398296356201","7.95677280426025","9.52815246582031","19.3157253265381","0.807648181915283","8.83815670013428"
"R8_T5_J8","2028","8","5","8","0.1302656630675","0.1302656630675","0","0.260531326135","False","False","10.1588716506958","4.76243257522583","11.3046340942383","10.3858966827393","4.81027030944824","4.31925964355469"
"R8_T5_J8","2029","8","5","8","0.554192364215851","0.770842815438906","0.569762895504634","0.971922735373179","False","False","1.70930576324463","0.55369246006012","7.71001577377319","0.955315828323364","6.30404615402222","3.72165870666504"
"R8_T5_J8","2030","8","5","8","0.16077246516943","0.16077246516943","0","0.32154493033886","False","False","15.1140203475952","9.92681312561035","19.1951446533203","9.63100528717041","9.82286930084228","4.69906330108643"
"R8_T5_J8","2031","8","5","8","0.381120675553878","0.381120675553878","0.553034206231435","0.209207144876321","False","False","7.41431903839111","7.70304155349732","8.69619464874268","18.1485424041748","5.44213104248047","6.44162273406982"
"R8_T5_J8","2032","8","5","8","0.113387621357106","0.113387621357106","0.00856072773846487","0.218214514975746","False","False","11.2363958358765","6.51335000991821","7.21063613891602","17.7344455718994","5.07882595062256","5.28717136383057"
"R8_T5_J8","2033","8","5","8","0.428699945410093","0.543066198627154","0.200728267431259","0.885404129823049","False","False","12.0194854736328","0.91150689125061","9.81550025939941","10.9752607345581","4.25272655487061","7.58118963241577"
"R8_T5_J8","2034","8","5","8","0.0739994235336781","0.0739994235336781","0.0680808151761691","0.079918031891187","False","False","5.68863487243652","9.97418403625488","8.97290325164795","12.7122945785522","5.27465057373047","6.94564342498779"
"R8_T5_J8","2035","8","5","8","0.19441101886332","0.19441101886332","0","0.388822037726641","False","False","11.2741365432739","3.44682097434998","19.8163661956787","6.94749069213867","3.97692561149597","11.843542098999"
"R10_T5_J10","2026","10","5","10","0.091305119295915","0.091305119295915","0.118050304551919","0.0645599340399106","False","False","3.30602979660034","7.63854122161865","19.5957374572754","12.3224020004272","4.11817264556885","10.679705619812"
"R10_T5_J10","2027","10","5","10","0.085283489121745","0.085283489121745","0.0124394518012802","0.15812752644221","False","False","9.56398296356201","7.95677280426025","11.9489669799805","24.1644535064697","1.00956237316132","11.0476970672607"
"R10_T5_J10","2028","10","5","10","0.13998765250047","0.13998765250047","0","0.279975305000941","False","False","10.1588716506958","4.76243257522583","14.1655178070068","13.0265874862671","6.0128378868103","5.39907598495483"
"R10_T5_J10","2029","10","5","10","0.524860175947348","0.741883446772893","0.516179780165354","0.967587113380432","False","False","1.52968490123749","0.624833583831787","10.8425168991089","1.11205959320068","7.79019737243652","5.06017875671387"
"R10_T5_J10","2030","10","5","10","0.163757525384426","0.163757525384426","0","0.327515050768852","False","False","15.1140203475952","9.92681312561035","23.9653625488281","12.0273284912109","12.27858543396","5.87382888793945"
"R10_T5_J10","2031","10","5","10","0.371505002180735","0.371505002180735","0.535283744335175","0.207726260026296","False","False","7.41431903839111","7.70304155349732","10.8777179718018","22.7116851806641","6.80266141891479","8.05202770233154"
"R10_T5_J10","2032","10","5","10","0.113961565696324","0.113961565696324","0.00244738130519787","0.22547575008745","False","False","11.2363958358765","6.51335000991821","9.00856685638428","22.1568546295166","6.3485312461853","6.60896444320679"
"R10_T5_J10","2033","10","5","10","0.425868404408296","0.519867360591888","0.20299090941747","0.836743811766307","False","False","10.0089149475098","0.831393778324127","12.3628225326538","15.0217876434326","5.15313148498535","9.08598899841309"
"R10_T5_J10","2034","10","5","10","0.0792441616455714","0.0792441616455714","0.0761548926432927","0.08233343064785","False","False","5.68863487243652","9.97418403625488","11.2189817428589","15.8127012252808","6.15766859054565","8.68205547332764"
"R10_T5_J10","2035","10","5","10","0.1947471499055","0.1947471499055","0","0.389494299811001","False","False","11.2741365432739","3.44682097434998","24.6766319274902","8.68358039855957","4.81541585922241","14.8044281005859"
"R15_T5_J15","2026","15","5","15","0.0784531937291225","0.0784531937291225","0.112900900344054","0.0440054871141911","False","False","3.30602979660034","7.63854122161865","29.435977935791","18.5706558227539","6.17725896835327","16.0195617675781"
"R15_T5_J15","2027","15","5","15","0.116082727598647","0.116082727598647","0.0290067438036203","0.203158711393674","False","False","9.56398296356201","7.95677280426025","18.064920425415","36.3137664794922","1.51434075832367","16.5715446472168"
"R15_T5_J15","2028","15","5","15","0.166561330358187","0.166561330358187","0","0.333122660716375","False","False","10.1588716506958","4.76243257522583","21.3743839263916","19.7003326416016","9.01925754547119","8.09861373901367"
"R15_T5_J15","2029","15","5","15","0.476271165224413","0.575518886248271","0.202012419700623","0.949025352795919","False","False","3.88699436187744","0.717121124267578","21.2809906005859","3.05851078033447","11.7775602340698","7.94267797470093"
"R15_T5_J15","2030","15","5","15","0.170222950478395","0.170222950478395","0","0.34044590095679","False","False","15.1140203475952","9.92681312561035","35.8290939331055","17.9966678619385","18.4178791046143","8.81074333190918"
"R15_T5_J15","2031","15","5","15","0.329760896662871","0.329760896662871","0.455798447132111","0.203723346193631","False","False","7.41431903839111","7.70304155349732","16.3441944122314","34.1507987976074","10.2039928436279","12.0780439376831"
"R15_T5_J15","2032","15","5","15","0.121087570985158","0.121087570985158","0","0.242175141970317","False","False","11.2363958358765","6.51335000991821","13.4947938919067","33.1908760070801","9.52279663085938","9.9134464263916"
"R15_T5_J15","2033","15","5","15","0.385233625769615","0.385233625769615","0.203888048728307","0.566579202810923","False","False","13.7576675415039","5.8524227142334","16.7686367034912","26.4371032714844","7.68291664123535","12.2796430587769"
"R15_T5_J15","2034","15","5","15","0.0929783858979742","0.0929783858979742","0.0975164230912924","0.088440348704656","False","False","5.68863487243652","9.97418403625488","16.8388538360596","23.4171886444092","8.65999031066895","13.0230827331543"
"R15_T5_J15","2035","15","5","15","0","0","0","0","False","False","0","0","0","0","0","0"
