"Weight","Seed","L_R_Init","L_R_Final","L_R_OK","R_R_Init","R_R_Final","R_R_OK","L_T_Init","L_T_Final","R_T_Init","R_T_Final","Dice","Time"
"0.025","2026","1.95384502410889","0.855465531349182","True","1.22077143192291","1.36573040485382","False","0.66120570898056","0.67185640335083","1.52770984172821","0.806108713150024","0.981792608896891","0.782602899998892"
"0.025","2027","1.17702853679657","0.311533004045486","True","2.40680265426636","1.40109395980835","True","1.91279530525208","0.760420143604279","1.59135568141937","0.715961456298828","0.981914629538854","0.795311399997445"
"0.025","2028","1.40025579929352","0.868180394172668","True","1.28206896781921","1.583132147789","False","2.03177213668823","0.721854746341705","0.95248556137085","0.800263404846191","0.975960532824198","0.779590999998618"
"0.025","2029","1.51955497264862","1.12604868412018","True","0.567862331867218","0.899616479873657","False","0.768460988998413","0.709755778312683","0.151102960109711","0.686826229095459","0.982345670461655","0.809794999979204"
"0.025","2030","2.40794086456299","3.37289762496948","False","1.20755553245544","1.59863150119781","False","3.02280616760254","1.37731409072876","1.98536574840546","0.721454560756683","0.890687088171641","0.728775199997472"
"0.025","2031","1.08390069007874","1.20885133743286","False","2.25776100158691","1.60278820991516","True","1.48286211490631","0.78494668006897","1.54060792922974","0.743232429027557","0.98068356513977","0.862585700000636"
"0.025","2032","0.903090059757233","0.929569780826569","False","2.22052502632141","1.4687374830246","True","2.24727869033813","0.772748112678528","1.30266988277435","0.666854679584503","0.969303141037623","0.755562399979681"
"0.025","2033","1.13228750228882","0.193826660513878","True","1.79362368583679","1.23257637023926","True","2.75153279304504","0.744683563709259","1.17048704624176","0.76639848947525","0.977180927991867","0.78656469998532"
"0.025","2034","1.12047398090363","1.05052959918976","True","1.61495184898376","1.40332698822021","True","1.13772773742676","0.705815851688385","1.99483847618103","0.735248506069183","0.982462177673976","0.787739199993666"
"0.025","2035","2.50639677047729","1.51723504066467","True","0.868631064891815","1.12778520584106","False","2.25482773780823","0.800298273563385","0.689363837242126","0.689684152603149","0.978416124979655","0.775930300005712"
"0.05","2026","1.95384502410889","0.565098941326141","True","1.22077143192291","0.825194001197815","True","0.66120570898056","0.760471165180206","1.52770984172821","0.692120850086212","0.986720681190491","0.770324399985839"
"0.05","2027","1.17702853679657","0.583497703075409","True","2.40680265426636","1.42957639694214","True","1.91279530525208","0.738624513149261","1.59135568141937","0.686001181602478","0.979417115449905","0.789299399999436"
"0.05","2028","1.40025579929352","1.0094940662384","True","1.28206896781921","1.00405192375183","True","2.03177213668823","0.729905724525452","0.95248556137085","0.672275364398956","0.977289448181788","0.764912999991793"
"0.05","2029","1.51955497264862","0.574712634086609","True","0.567862331867218","0.614848792552948","False","0.768460988998413","0.712364137172699","0.151102960109711","0.612317085266113","0.984772781531016","0.781208100001095"
"0.05","2030","2.40794086456299","3.24280619621277","False","1.20755553245544","1.51491165161133","False","3.02280616760254","1.57170295715332","1.98536574840546","0.700466990470886","0.880932887395223","0.729236799990758"
"0.05","2031","1.08390069007874","0.766683101654053","True","2.25776100158691","1.35797095298767","True","1.48286211490631","0.738606870174408","1.54060792922974","0.669325292110443","0.9835577805837","0.796444100007648"
"0.05","2032","0.903090059757233","0.36369451880455","True","2.22052502632141","0.84857565164566","True","2.24727869033813","0.730926692485809","1.30266988277435","0.602636396884918","0.980340798695882","0.812025100021856"
"0.05","2033","1.13228750228882","0.481326580047607","True","1.79362368583679","1.28450870513916","True","2.75153279304504","0.731819272041321","1.17048704624176","0.73583447933197","0.980760604143143","0.754753500019433"
"0.05","2034","1.12047398090363","1.29089140892029","False","1.61495184898376","1.27840054035187","True","1.13772773742676","0.699721276760101","1.99483847618103","0.742078125476837","0.97993211944898","0.751020600000629"
"0.05","2035","2.50639677047729","1.44320023059845","True","0.868631064891815","0.766683101654053","True","2.25482773780823","0.794768869876862","0.689363837242126","0.686276614665985","0.97285528977712","0.734732599987183"
"0.075","2026","1.95384502410889","0.840233206748962","True","1.22077143192291","0.663228631019592","True","0.66120570898056","0.710161745548248","1.52770984172821","0.604682147502899","0.98287762204806","0.761172800004715"
"0.075","2027","1.17702853679657","0.265408217906952","True","2.40680265426636","1.02105832099915","True","1.91279530525208","0.749968826770782","1.59135568141937","0.6889328956604","0.986010213692983","0.784718600014457"
"0.075","2028","1.40025579929352","1.25242066383362","True","1.28206896781921","0.626200914382935","True","2.03177213668823","0.770378470420837","0.95248556137085","0.645657956600189","0.97489325205485","0.733476299996255"
"0.075","2029","1.51955497264862","0.789319217205048","True","0.567862331867218","0.925772786140442","False","0.768460988998413","0.693132281303406","0.151102960109711","0.677191376686096","0.983176797628403","0.765561400010483"
"0.075","2030","2.40794086456299","4.15727519989014","False","1.20755553245544","1.07447195053101","True","3.02280616760254","1.84011042118073","1.98536574840546","0.633751809597015","0.862738827864329","0.690639799984638"
"0.075","2031","1.08390069007874","0.629939496517181","True","2.25776100158691","1.08173215389252","True","1.48286211490631","0.715568244457245","1.54060792922974","0.696669578552246","0.986947546402613","0.840012600005139"
"0.075","2032","0.903090059757233","0.544645488262177","True","2.22052502632141","0.696612417697906","True","2.24727869033813","0.806285262107849","1.30266988277435","0.594275236129761","0.965961227814356","0.793311100016581"
"0.075","2033","1.13228750228882","0.726315855979919","True","1.79362368583679","0.627449631690979","True","2.75153279304504","0.752937376499176","1.17048704624176","0.619069159030914","0.983662188053131","0.827670099999523"
"0.075","2034","1.12047398090363","0.779339909553528","True","1.61495184898376","1.52212846279144","True","1.13772773742676","0.687842667102814","1.99483847618103","0.752346992492676","0.981639891862869","0.822065099986503"
"0.075","2035","2.50639677047729","1.23669731616974","True","0.868631064891815","0.413068324327469","True","2.25482773780823","0.700028359889984","0.689363837242126","0.604882895946503","0.980281819899877","0.792415599978995"
"0.1","2026","1.95384502410889","0.702207863330841","True","1.22077143192291","0.603283107280731","True","0.66120570898056","0.660557091236115","1.52770984172821","0.586923897266388","0.983924369017283","0.969473800010746"
"0.1","2027","1.17702853679657","0.451107949018478","True","2.40680265426636","0.899616479873657","True","1.91279530525208","0.733585059642792","1.59135568141937","0.648685574531555","0.980768034855525","0.824457099981373"
"0.1","2028","1.40025579929352","1.19419360160828","True","1.28206896781921","0.690405011177063","True","2.03177213668823","0.820402681827545","0.95248556137085","0.647799968719482","0.965894520282745","0.75528640000266"
"0.1","2029","1.51955497264862","1.16902101039886","True","0.567862331867218","0.712718188762665","False","0.768460988998413","0.75706160068512","0.151102960109711","0.673885643482208","0.984979639450709","0.777852700004587"
"0.1","2030","2.40794086456299","2.00818109512329","True","1.20755553245544","0.996618628501892","True","3.02280616760254","2.21952438354492","1.98536574840546","0.697945296764374","0.820184022188187","0.777740799996536"
"0.1","2031","1.08390069007874","0.433410406112671","True","2.25776100158691","0.889994442462921","True","1.48286211490631","0.682372391223907","1.54060792922974","0.657872557640076","0.979036301374435","0.797335000010207"
"0.1","2032","0.903090059757233","0.699975073337555","True","2.22052502632141","0.395647585391998","True","2.24727869033813","0.902873039245606","1.30266988277435","0.592874705791473","0.957933674256007","0.768934099993203"
"0.1","2033","1.13228750228882","0.410216242074966","True","1.79362368583679","0.833686947822571","True","2.75153279304504","0.698594152927399","1.17048704624176","0.599852919578552","0.977341264486313","0.753180300001986"
"0.1","2034","1.12047398090363","0.718732893466949","True","1.61495184898376","1.31164407730103","True","1.13772773742676","0.72990095615387","1.99483847618103","0.690021276473999","0.981449156999588","0.733351100003347"
"0.1","2035","2.50639677047729","0.695487916469574","True","0.868631064891815","0.659678757190704","True","2.25482773780823","0.71679025888443","0.689363837242126","0.628298878669739","0.984441647926966","0.758608799980721"
"0.15","2026","1.95384502410889","0.699415683746338","True","1.22077143192291","0.706652283668518","True","0.66120570898056","0.692970037460327","1.52770984172821","0.585751712322235","0.981079876422882","0.771856300008949"
"0.15","2027","1.17702853679657","0.491782695055008","True","2.40680265426636","0.94873857498169","True","1.91279530525208","0.703995883464813","1.59135568141937","0.692762315273285","0.980645924806595","0.780950199987274"
"0.15","2028","1.40025579929352","2.78530192375183","False","1.28206896781921","0.825668096542358","True","2.03177213668823","0.906737089157104","0.95248556137085","0.649621248245239","0.9526719947656","0.763051700021606"
"0.15","2029","1.51955497264862","0.851797878742218","True","0.567862331867218","0.50512969493866","True","0.768460988998413","0.732677102088928","0.151102960109711","0.604175329208374","0.984242628018061","0.805104200000642"
"0.15","2030","2.40794086456299","3.22828435897827","False","1.20755553245544","0.745985805988312","True","3.02280616760254","2.55545711517334","1.98536574840546","0.638969719409943","0.792145659526189","0.706487599993125"
"0.15","2031","1.08390069007874","0.782347023487091","True","2.25776100158691","1.01413559913635","True","1.48286211490631","0.726915895938873","1.54060792922974","0.705977320671082","0.983380268017451","0.793874100025278"
"0.15","2032","0.903090059757233","1.15589082241058","False","2.22052502632141","0.785342633724213","True","2.24727869033813","0.928246676921844","1.30266988277435","0.669007480144501","0.954436848560969","0.753398000000743"
"0.15","2033","1.13228750228882","0.163129419088364","True","1.79362368583679","0.731149137020111","True","2.75153279304504","0.675512492656708","1.17048704624176","0.596539795398712","0.980808079242706","0.768994099984411"
"0.15","2034","1.12047398090363","1.06275236606598","True","1.61495184898376","1.21046900749207","True","1.13772773742676","0.695332705974579","1.99483847618103","0.741661787033081","0.981407711903254","0.761891600006493"
"0.15","2035","2.50639677047729","1.53467619419098","True","0.868631064891815","0.6726034283638","True","2.25482773780823","0.745994031429291","0.689363837242126","0.622651398181915","0.972425560156504","0.742023900005734"
"0.25","2026","1.95384502410889","0.680700480937958","True","1.22077143192291","0.6385777592659","True","0.66120570898056","0.685091912746429","1.52770984172821","0.635726928710938","0.986447850863139","0.759566900000209"
"0.25","2027","1.17702853679657","0.647100746631622","True","2.40680265426636","0.574712634086609","True","1.91279530525208","0.682575702667236","1.59135568141937","0.640973269939423","0.981172074874242","0.779081499989843"
"0.25","2028","1.40025579929352","4.86050939559937","False","1.28206896781921","0.665584683418274","True","2.03177213668823","1.1537914276123","0.95248556137085","0.621135056018829","0.919864485661189","0.770692199992482"
"0.25","2029","1.51955497264862","0.312786668539047","True","0.567862331867218","0.593472898006439","False","0.768460988998413","0.734215557575226","0.151102960109711","0.578410387039185","0.986604571342468","0.80052479999722"
"0.25","2030","2.40794086456299","2.88527297973633","False","1.20755553245544","0.710518360137939","True","3.02280616760254","2.14251613616943","1.98536574840546","0.629243016242981","0.795163561900457","0.685686300013913"
"0.25","2031","1.08390069007874","0.586174368858337","True","2.25776100158691","1.21627485752106","True","1.48286211490631","0.737565934658051","1.54060792922974","0.739863693714142","0.982517043749491","0.775395300006494"
"0.25","2032","0.903090059757233","2.89583730697632","False","2.22052502632141","0.753813862800598","True","2.24727869033813","1.52520167827606","1.30266988277435","0.671412289142609","0.899013251066208","0.745713899988914"
"0.25","2033","1.13228750228882","0.23239004611969","True","1.79362368583679","0.62807297706604","True","2.75153279304504","0.649063169956207","1.17048704624176","0.665063977241516","0.986273715893428","0.819760599988513"
"0.25","2034","1.12047398090363","1.00014650821686","True","1.61495184898376","2.00896024703979","False","1.13772773742676","0.6910600066185","1.99483847618103","0.668970704078674","0.980188896258672","0.836818900017533"
"0.25","2035","2.50639677047729","2.86662292480469","False","0.868631064891815","0.900920629501343","False","2.25482773780823","0.931213140487671","0.689363837242126","0.645876049995422","0.9557732741038","0.765346000000136"
