run,frame,optimized,skipped,init,time_s,correspondences,dice_mean,dice_left_mean,dice_right_mean,dice_left_shaft,dice_left_wrist,dice_left_grippers,dice_right_shaft,dice_right_wrist,dice_right_grippers,left_translation_error_mm,left_rotation_error_deg,right_translation_error_mm,right_rotation_error_deg
run_1789376009_gpu1_env0,0,1,,perturb-gt,0.9057635999924969,732,0.9839243690172831,0.9829141497612,0.9849345882733663,0.9847434163093567,0.9870654940605164,0.9769335389137268,0.9933609962463379,0.9824708104133606,0.9789719581604004,0.6605570912361145,0.7022078633308411,0.5869238972663879,0.6032831072807312
run_1789376009_gpu1_env0,1,1,,previous,0.6740552000119351,728,0.9786480069160461,0.9775680502255758,0.9797279636065165,0.9753424525260925,0.9818181991577148,0.9755434989929199,0.9914127588272095,0.9800664186477661,0.967704713344574,0.7256962656974792,0.46562233567237854,0.689509928226471,0.6789735555648804
run_1789376009_gpu1_env0,2,1,,previous,0.6693800000066403,735,0.9735515813032786,0.9754232168197632,0.9716799457867941,0.9741496443748474,0.9813916087150574,0.9707283973693848,0.9914056062698364,0.9766861200332642,0.9469481110572815,0.740227997303009,0.6561095714569092,0.6601585745811462,0.5719823241233826
run_1789376009_gpu1_env0,3,1,,previous,0.654587500001071,721,0.971593956152598,0.9820332328478495,0.9611546794573466,0.9860334992408752,0.9858813881874084,0.9741848111152649,0.9894502758979797,0.9697972536087036,0.9242165088653564,0.6698080897331238,0.6602716445922852,0.6551868915557861,1.1148713827133179
run_1789376009_gpu1_env0,4,1,,previous,0.6756996999902185,717,0.9673961102962494,0.9828690489133199,0.9519231716791788,0.9821183085441589,0.9862570762634277,0.980231761932373,0.9848234057426453,0.9698720574378967,0.9010740518569946,0.733127236366272,0.8199605345726013,0.6384341716766357,1.7100635766983032
run_1789376009_gpu1_env0,5,1,,previous,0.6646107000124175,697,0.9628323217233022,0.9803921580314636,0.9452724854151408,0.9822161197662354,0.9854369163513184,0.9735234379768372,0.9905712604522705,0.9655172228813171,0.8797289729118347,0.7012031674385071,0.4837595820426941,0.5743135213851929,2.57283353805542
run_1789376009_gpu1_env0,6,1,,previous,0.6853999000159092,707,0.9573357303937277,0.9768758018811544,0.9377956589063009,0.9691275358200073,0.9834477305412292,0.9780521392822266,0.9828540086746216,0.9606234431266785,0.8699095249176025,0.7711568474769592,0.7527747750282288,0.5731695294380188,2.787971258163452
run_1789376009_gpu1_env0,7,1,,previous,0.6590691000164952,708,0.9594600796699524,0.9830206433931986,0.9358995159467062,0.979973316192627,0.9862236380577087,0.9828649759292603,0.9836926460266113,0.9626590013504028,0.8613469004631042,0.7658611536026001,0.5692390203475952,0.5906059741973877,2.729504346847534
run_1789376009_gpu1_env0,8,1,,previous,0.7156467000022531,694,0.9571042557557424,0.9833232164382935,0.9308852950731913,0.9839141964912415,0.9866881966590881,0.9793672561645508,0.9886426329612732,0.9555283784866333,0.8484848737716675,0.7462411522865295,0.6398022770881653,0.5400974750518799,3.797874689102173
run_1789376009_gpu1_env0,9,1,,previous,0.6819700000050943,689,0.9519156714280447,0.9746829668680826,0.9291483759880066,0.9674902558326721,0.9827655553817749,0.973793089389801,0.9866962432861328,0.9568052291870117,0.8439436554908752,0.7276284098625183,1.0464236736297607,0.6081490516662598,3.2952682971954346
run_1789376009_gpu1_env0,10,1,,previous,0.6442373000027146,699,0.955346425374349,0.9829453627268473,0.9277474880218506,0.9817708134651184,0.9875851273536682,0.9794801473617554,0.9837747812271118,0.9571253657341003,0.8423423171043396,0.7167189717292786,0.381548672914505,0.6075295805931091,3.4534339904785156
run_1789376009_gpu1_env0,11,1,,previous,0.6580000999965705,703,0.9543754557768503,0.9842924078305563,0.9244585037231445,0.9823232293128967,0.9904305934906006,0.9801234006881714,0.986987829208374,0.9547492861747742,0.8316383957862854,0.7657884359359741,0.43968555331230164,0.5252602696418762,3.5578744411468506
run_1789376009_gpu1_env0,12,1,,previous,0.6475672000087798,698,0.9484766125679016,0.9778348406155905,0.9191183845202128,0.9754902124404907,0.9814302921295166,0.9765840172767639,0.9842017889022827,0.9455284476280212,0.8276249170303345,0.7189149856567383,0.8559229373931885,0.5355302095413208,4.2222490310668945
run_1789376009_gpu1_env0,13,1,,previous,0.6657559000013862,700,0.9464272260665894,0.974315881729126,0.9185385704040527,0.9696261882781982,0.9739542007446289,0.9793672561645508,0.9822911024093628,0.9503257274627686,0.8229988813400269,0.7735452055931091,1.289374589920044,0.6603262424468994,3.7104570865631104
run_1789376009_gpu1_env0,14,1,,previous,0.6416336999973282,693,0.9490041732788086,0.9801213542620341,0.9178869922955831,0.9804822206497192,0.9840031266212463,0.9758787155151367,0.9837747812271118,0.9487388134002686,0.8211473822593689,0.678712785243988,0.6129363179206848,0.6261435747146606,4.35172176361084
run_1789376009_gpu1_env0,15,1,,previous,0.6600508999836165,697,0.9493551154931387,0.9839062690734863,0.9148039619127909,0.984375,0.9852254986763,0.9821183085441589,0.9816120266914368,0.9470252394676208,0.8157746195793152,0.7505353093147278,0.8030819296836853,0.50909024477005,4.390169143676758
run_1789376009_gpu1_env0,16,1,,previous,0.6838798999961,694,0.9478250443935394,0.9815197587013245,0.9141303300857544,0.9830508232116699,0.9814671874046326,0.9800412654876709,0.9810433387756348,0.9455284476280212,0.8158192038536072,0.7541033029556274,0.4813265800476074,0.6102120280265808,4.184228420257568
run_1789376009_gpu1_env0,17,1,,previous,0.6551553000172134,698,0.9528479079405466,0.986977736155192,0.9187180797259012,0.9907881021499634,0.9900763630867004,0.9800687432289124,0.9879518151283264,0.9550653696060181,0.8131370544433594,0.7207010984420776,0.4714689254760742,0.5823861360549927,3.75827693939209
run_1789376009_gpu1_env0,18,1,,previous,0.6748977999959607,694,0.9486066897710165,0.9751708308855692,0.9220425486564636,0.976030707359314,0.980988621711731,0.9684931635856628,0.9879183173179626,0.9575510025024414,0.8206583261489868,0.6699875593185425,0.6749268174171448,0.610599935054779,3.4305672645568848
run_1789376009_gpu1_env0,19,1,,previous,0.652038200001698,679,0.9408523042996725,0.969102144241333,0.9126024643580118,0.9635036587715149,0.9746457934379578,0.9691569805145264,0.9824658036231995,0.9487804770469666,0.8065611124038696,0.7568085193634033,0.6602716445922852,0.6068766117095947,4.184696674346924
run_1789376009_gpu1_env0,20,1,,previous,0.6532064000202809,680,0.9487996598084768,0.9817514816919962,0.9158478379249573,0.9843478202819824,0.9829756021499634,0.977931022644043,0.9814507365226746,0.9500203132629395,0.8160724639892578,0.7130065560340881,0.46140074729919434,0.6391840577125549,3.970099925994873
run_1789376009_gpu1_env0,21,1,,previous,0.6620079999847803,691,0.9463050762812296,0.9746764898300171,0.9179336627324423,0.980327844619751,0.9799781441688538,0.9637234807014465,0.9869625568389893,0.9516456723213196,0.8151927590370178,0.6753862500190735,0.4441135823726654,0.5415566563606262,4.110565185546875
run_1789376009_gpu1_env0,22,1,,previous,0.6649726000032388,700,0.945039172967275,0.9730631510416666,0.9170151948928833,0.9791505932807922,0.9820788502693176,0.9579600095748901,0.9877879619598389,0.9507930278778076,0.8124645948410034,0.7714236974716187,1.140209436416626,0.5503591895103455,3.9349231719970703
run_1789376009_gpu1_env0,23,1,,previous,0.676320400001714,710,0.949640283981959,0.9796852072079977,0.9195953607559204,0.9868612885475159,0.9844081997871399,0.9677861332893372,0.9866777658462524,0.9571253657341003,0.8149829506874084,0.7046542763710022,0.18557488918304443,0.5887579321861267,3.357421875
run_1789376009_gpu1_env0,24,1,,previous,0.6730874999775551,706,0.9530149896939596,0.9873214761416117,0.9187085032463074,0.9848693013191223,0.988811194896698,0.9882839322090149,0.98834627866745,0.9559543132781982,0.8118249177932739,0.7242363095283508,0.10467831790447235,0.602252721786499,3.395806074142456
run_1789376009_gpu1_env0,25,1,,previous,0.675920200010296,709,0.9475947717825571,0.9780632853507996,0.9171262582143148,0.9802169799804688,0.9830859303474426,0.9708869457244873,0.9829568862915039,0.9543229937553406,0.8140988945960999,0.6636744141578674,0.7044336199760437,0.5496452450752258,3.6738643646240234
run_1789376009_gpu1_env0,26,1,,previous,0.6578441000019666,702,0.9422538081804911,0.9693040450414022,0.9152035713195801,0.9680851101875305,0.9796621799468994,0.9601648449897766,0.9833887219429016,0.9531568288803101,0.8090651631355286,0.7049626111984253,0.75795578956604,0.6259090900421143,4.0022292137146
run_1789376009_gpu1_env0,27,1,,previous,0.6683957000204828,704,0.9456705152988434,0.9741524855295817,0.9171885450681051,0.9691391587257385,0.9796341061592102,0.9736841917037964,0.9886457920074463,0.9558823704719543,0.8070374727249146,0.7632700800895691,0.8289794325828552,0.5622318983078003,3.564032554626465
run_1789376009_gpu1_env0,28,1,,previous,0.6632864999992307,705,0.945051391919454,0.9738229513168335,0.9162798325220743,0.970588207244873,0.9770514369010925,0.9738292098045349,0.9871030449867249,0.9515669345855713,0.810169517993927,0.7509368658065796,1.3475555181503296,0.5908644199371338,4.502847671508789
run_1789376009_gpu1_env0,29,1,,previous,0.6882884000078775,713,0.9445691108703613,0.9721457958221436,0.9169924259185791,0.9702970385551453,0.9735376238822937,0.9726027250289917,0.9874222278594971,0.9578732252120972,0.8056818246841431,0.743475615978241,1.640917420387268,0.6003044843673706,3.3194198608398438
run_1789376009_gpu1_env0,30,1,,previous,0.6716177000198513,719,0.9444846212863922,0.966400941212972,0.9225683013598124,0.9633594155311584,0.9653967022895813,0.9704467058181763,0.9891696572303772,0.9635096192359924,0.8150256276130676,0.777023434638977,1.6173735857009888,0.6186386346817017,2.812577247619629
run_1789376009_gpu1_env0,31,1,,previous,0.6679244999832008,696,0.9418736398220062,0.9657911062240601,0.9179561734199524,0.9643669724464417,0.9620519876480103,0.9709543585777283,0.9851943850517273,0.9586911797523499,0.80998295545578,0.7489990592002869,1.6347042322158813,0.6377588510513306,3.5458571910858154
run_1789376009_gpu1_env0,32,1,,previous,0.7013381999859121,699,0.9395801921685537,0.9580461581548055,0.9211142261823019,0.962860107421875,0.9552344083786011,0.9560439586639404,0.9887609481811523,0.9622950553894043,0.8122866749763489,0.7663410902023315,1.7061681747436523,0.5587448477745056,3.2485969066619873
run_1789376009_gpu1_env0,33,1,,previous,0.6652841000177432,702,0.9416281878948212,0.9611427982648214,0.9221135775248209,0.9636772871017456,0.9564293026924133,0.9633218050003052,0.9864115118980408,0.9635096192359924,0.8164196014404297,0.736834704875946,1.8730438947677612,0.6494460105895996,2.358168601989746
run_1789376009_gpu1_env0,34,1,,previous,0.6763826000096742,704,0.9427330791950226,0.9624624053637186,0.9230037530263265,0.9675498604774475,0.9613885879516602,0.9584487676620483,0.9858294129371643,0.9607201218605042,0.822461724281311,0.8147820830345154,1.6044965982437134,0.6959749460220337,2.871399164199829
run_1789376009_gpu1_env0,35,1,,previous,0.6702197999984492,709,0.9390766421953837,0.9581639766693115,0.9199893077214559,0.965726912021637,0.9605963826179504,0.9481686353683472,0.9858647584915161,0.9586573839187622,0.8154457807540894,0.8252522349357605,1.7732130289077759,0.6401166319847107,3.151942491531372
run_1789376009_gpu1_env0,36,1,,previous,0.6823941999755334,703,0.9386471410592397,0.9600290656089783,0.9172652165095011,0.961726188659668,0.9558089971542358,0.962552011013031,0.9838375449180603,0.9570552110671997,0.8109028935432434,0.7907434701919556,1.5734608173370361,0.6067123413085938,3.478402614593506
run_1789376009_gpu1_env0,37,1,,previous,0.7323964000097476,707,0.9356832901636759,0.9485722184181213,0.9227943619092306,0.9586190581321716,0.946986198425293,0.9401113986968994,0.9886300563812256,0.9626590013504028,0.8170940279960632,0.847180962562561,2.342512369155884,0.6070042252540588,2.895972728729248
run_1789376009_gpu1_env0,38,1,,previous,0.6985289000149351,697,0.9346943398316702,0.9470011194547018,0.9223875602086385,0.9556147456169128,0.9451108574867249,0.9402777552604675,0.9895934462547302,0.9618695974349976,0.8156996369361877,0.8218334913253784,2.1455745697021484,0.5847964286804199,3.2268288135528564
run_1789376009_gpu1_env0,39,1,,previous,0.6897169999720063,712,0.9315135975678762,0.941707710425059,0.9213194847106934,0.9533828496932983,0.9397150278091431,0.9320252537727356,0.9886332154273987,0.9619008898735046,0.8134243488311768,0.8789982199668884,2.5497543811798096,0.5839411020278931,3.224400758743286
run_1789376009_gpu1_env0,40,1,,previous,0.6882045999809634,701,0.9289745291074117,0.939059336980184,0.9188897212346395,0.9509521126747131,0.9385066032409668,0.9277192950248718,0.9859780669212341,0.9559183716773987,0.8147727251052856,0.8549855351448059,2.26261043548584,0.5947544574737549,3.512347459793091
run_1789376009_gpu1_env0,41,1,,previous,0.6978125000023283,695,0.9269682069619497,0.9299115737279257,0.9240248401959738,0.9493188261985779,0.9319602847099304,0.9084556102752686,0.9898737668991089,0.9671322703361511,0.8150684833526611,0.8472568392753601,3.0540270805358887,0.6135274767875671,2.2382588386535645
run_1789376009_gpu1_env0,42,1,,previous,0.689374300010968,697,0.9259141186873118,0.9286563396453857,0.9231718977292379,0.9484571218490601,0.9237067103385925,0.9138051867485046,0.989017128944397,0.9647541046142578,0.8157444596290588,0.8813470005989075,3.2771573066711426,0.5943704843521118,2.6014320850372314
run_1789376009_gpu1_env0,43,1,,previous,0.6710445000207983,693,0.9280904332796732,0.932266891002655,0.9239139755566915,0.9462090730667114,0.9349289536476135,0.9156626462936401,0.9898737668991089,0.9659137725830078,0.8159543871879578,0.9816179275512695,3.2483556270599365,0.5864632725715637,2.410865306854248
run_1789376009_gpu1_env0,44,1,,previous,0.6764898999826983,688,0.9202153782049814,0.9216275811195374,0.9188031752904257,0.9456782937049866,0.920694887638092,0.8985095620155334,0.9837972521781921,0.9587249755859375,0.8138872981071472,0.9653711915016174,3.6815314292907715,0.6536810398101807,3.0550527572631836
run_1789376009_gpu1_env0,45,1,,previous,0.6640403000055812,675,0.918049544095993,0.916450301806132,0.9196487863858541,0.939363956451416,0.9109826683998108,0.8990042805671692,0.9825581312179565,0.9574816226959229,0.8189066052436829,1.0229917764663696,4.1849775314331055,0.654865562915802,3.1571552753448486
run_1789376009_gpu1_env0,46,1,,previous,0.7067112999793608,687,0.9136502146720886,0.9108706911404928,0.9164297382036845,0.9370498657226562,0.9019148349761963,0.8936473727226257,0.9843425154685974,0.9535830616950989,0.8113636374473572,1.0856544971466064,4.673111915588379,0.66267329454422,3.6336722373962402
run_1789376009_gpu1_env0,47,1,,previous,0.711364799994044,676,0.9076838791370392,0.8919548988342285,0.9234128594398499,0.9403687119483948,0.8871411681175232,0.8483548164367676,0.9913960695266724,0.9667351245880127,0.8121073842048645,1.1126410961151123,5.479475021362305,0.5909286737442017,2.5355899333953857
run_1789376009_gpu1_env0,48,1,,previous,0.7068755000072997,669,0.9036582310994467,0.8878751198450724,0.9194413423538208,0.9347145557403564,0.8922345638275146,0.8366762399673462,0.989587664604187,0.9587249755859375,0.8100113868713379,1.1339781284332275,5.6230878829956055,0.5537388324737549,3.3898046016693115
run_1789376009_gpu1_env0,49,1,,previous,0.6875491999962833,666,0.8937976459662119,0.8653405904769897,0.9222547014554342,0.9330448508262634,0.8685162663459778,0.794460654258728,0.9886237382888794,0.9631147384643555,0.8150256276130676,1.2072196006774902,6.768628120422363,0.6525335311889648,2.7546322345733643
run_1789376009_gpu1_env0,50,1,,previous,0.6715985999908298,659,0.88468270500501,0.8516207536061605,0.9177446564038595,0.932913601398468,0.8484599590301514,0.7734887003898621,0.9835703372955322,0.9578387141227722,0.8118249177932739,1.2179509401321411,7.360474109649658,0.6105786561965942,3.230830430984497
run_1789376009_gpu1_env0,51,1,,previous,0.716652899980545,649,0.8758858144283295,0.8323394854863485,0.9194321433703104,0.9350595474243164,0.8420175313949585,0.7199413776397705,0.9887702465057373,0.9590834975242615,0.8104426860809326,1.1889976263046265,8.300849914550781,0.5920646786689758,3.357421875
run_1789376009_gpu1_env0,52,1,,previous,0.6895995000086259,652,0.866560826698939,0.8142861922581991,0.918835461139679,0.9327930212020874,0.8389544486999512,0.6711111068725586,0.9829946160316467,0.9602621793746948,0.8132495880126953,1.269131064414978,9.106274604797363,0.5963772535324097,2.803654432296753
run_1789376009_gpu1_env0,53,1,,previous,0.7008629000047222,652,0.854393720626831,0.7879984974861145,0.9207889437675476,0.9390531778335571,0.8049721121788025,0.6199702024459839,0.9883333444595337,0.9599345922470093,0.8140988945960999,1.3676592111587524,10.618598937988281,0.5864244103431702,3.1031181812286377
run_1789376009_gpu1_env0,54,1,,previous,0.6884600000048522,637,0.8237825085719427,0.7300617595513662,0.9175032575925192,0.949388861656189,0.7861827611923218,0.45461365580558777,0.9887640476226807,0.9551386833190918,0.8086070418357849,1.413007140159607,13.154391288757324,0.5897827744483948,3.9417850971221924
run_1789376009_gpu1_env0,55,1,,previous,0.7044343999878038,621,0.7952549258867899,0.6708341240882874,0.9196757276852926,0.9601395726203918,0.7468916773796082,0.30547112226486206,0.9883365631103516,0.9575163125991821,0.813174307346344,1.2406892776489258,14.564131736755371,0.6298745274543762,3.53701114654541
run_1789376009_gpu1_env0,56,1,,previous,0.6793478000035975,590,0.7766449625293413,0.6298077255487442,0.9234821995099386,0.9719594717025757,0.7060439586639404,0.2114197462797165,0.9843251705169678,0.9626590013504028,0.8234624266624451,1.1513023376464844,16.751178741455078,0.6865253448486328,2.3664536476135254
run_1789376009_gpu1_env0,57,1,,previous,0.6594934000167996,574,0.7464750458796819,0.5692598124345144,0.9236902793248495,0.9847129583358765,0.639019787311554,0.08404669165611267,0.9861380457878113,0.9650924205780029,0.8198403716087341,0.8243003487586975,19.15860939025879,0.6262391805648804,2.2393078804016113
run_1789376009_gpu1_env0,58,1,,previous,0.6181300000171177,560,0.7368323008219401,0.5500485499699911,0.9236160516738892,0.9903943538665771,0.6081081032752991,0.051643192768096924,0.9854992628097534,0.9686726927757263,0.8166761994361877,0.7787629961967468,20.461814880371094,0.66795414686203,2.0206170082092285
run_1789376009_gpu1_env0,59,1,,previous,0.6440773000067566,555,0.732505576685071,0.5400697129468123,0.9249414404233297,0.9922223091125488,0.5949679613113403,0.033018868416547775,0.989313006401062,0.9679012298583984,0.8176100850105286,0.6603848934173584,21.53972053527832,0.6564245223999023,1.993705153465271
run_1789376009_gpu1_env0,60,1,,previous,0.6122856000147294,547,0.7275633132085204,0.5319927961875995,0.9231338302294413,0.9897027611732483,0.5840886235237122,0.02218700386583805,0.9909834861755371,0.9663106203079224,0.8121073842048645,0.6613537669181824,22.561429977416992,0.5918428897857666,2.5298712253570557
run_1789376009_gpu1_env0,61,1,,previous,0.6153674999950454,542,0.7236974171052376,0.5267872276405493,0.9206076065699259,0.9871099591255188,0.5756798386573792,0.017571885138750076,0.988611102104187,0.959575355052948,0.8136363625526428,0.6021348237991333,23.12502098083496,0.6199370622634888,3.295980930328369
run_1789376009_gpu1_env0,62,1,,previous,0.6147435999882873,543,0.7195629714988172,0.5189791598046819,0.9201467831929525,0.9953653216362,0.5550891757011414,0.006482982076704502,0.9891816973686218,0.9587586522102356,0.8125,0.665586531162262,23.9200382232666,0.6104714274406433,3.4673526287078857
run_1789376009_gpu1_env0,63,1,,previous,0.6090684999944642,539,0.7193016505334526,0.5190170399534205,0.9195862611134847,0.9894141554832458,0.5611434578895569,0.006493506487458944,0.986825704574585,0.9571603536605835,0.8147727251052856,0.752235472202301,24.42117691040039,0.6322407722473145,3.2847952842712402
run_1789376009_gpu1_env0,64,1,,previous,0.6091535000014119,543,0.715863897309949,0.5157897549991807,0.9159380396207174,0.9937888383865356,0.5502990484237671,0.00328137818723917,0.9882157444953918,0.95234215259552,0.8072562217712402,0.4694032073020935,25.367746353149414,0.5462426543235779,4.131284713745117
run_1789376009_gpu1_env0,65,1,,previous,0.6139786000130698,539,0.7156948943932852,0.5119944016138712,0.919395387172699,0.993628978729248,0.5423542261123657,0.0,0.9847813844680786,0.9606557488441467,0.8127490282058716,0.5306018590927124,26.19264793395996,0.628026008605957,2.8856799602508545
run_1789376009_gpu1_env0,66,1,,previous,0.6255219999875408,547,0.7155196269353231,0.5116151968638102,0.9194240570068359,0.9903134703636169,0.5445321202278137,0.0,0.9889258146286011,0.9602295756340027,0.809116780757904,0.3140486776828766,27.406831741333008,0.5598062872886658,2.99957013130188
run_1789376009_gpu1_env0,67,1,,previous,0.6184876000043005,533,0.7174270848433176,0.5095508893330892,0.9253032803535461,0.9949350953102112,0.5337175726890564,0.0,0.9870779514312744,0.9643003940582275,0.8245314955711365,0.26366478204727173,27.904399871826172,0.6128640174865723,2.8473012447357178
run_1789376009_gpu1_env0,68,1,,previous,0.6058100999798626,543,0.7149028877417246,0.5109231869379679,0.9188825885454813,0.9919473528862,0.5408222079277039,0.0,0.9828587174415588,0.9582992792129517,0.8154897689819336,0.3735320568084717,28.06805992126465,0.6713696122169495,2.9171204566955566
run_1789376009_gpu1_env0,69,1,,previous,0.6237426000006963,548,0.7156910300254822,0.5079993406931559,0.9233827193578085,0.9919314980506897,0.5320665240287781,0.0,0.9850249290466309,0.9625976085662842,0.8225256204605103,0.31147468090057373,29.07657241821289,0.6583226919174194,2.770927906036377
run_1789376009_gpu1_env0,70,1,,previous,0.6191225000075065,541,0.7116480271021525,0.5031977891921997,0.9200982650121053,0.9895933866500854,0.5199999809265137,0.0,0.9886237382888794,0.9614437818527222,0.8102272748947144,0.32156285643577576,29.772422790527344,0.5131366848945618,3.0450398921966553
run_1789376009_gpu1_env0,71,1,,previous,0.609152199991513,537,0.7105334401130676,0.5023186206817627,0.9187482595443726,0.9907081723213196,0.5162476897239685,0.0,0.9896107316017151,0.9591169357299805,0.8075171113014221,0.25114142894744873,30.28712272644043,0.6103578805923462,2.9847841262817383
run_1789376009_gpu1_env0,72,1,,previous,0.6032096999988426,538,0.7141252259413401,0.502098282178243,0.9261521697044373,0.99104905128479,0.515245795249939,0.0,0.9879283905029297,0.9686726927757263,0.8218554258346558,0.32921990752220154,30.73707389831543,0.683826744556427,2.223519802093506
run_1789376009_gpu1_env0,73,1,,previous,0.6122916999738663,540,0.7121896147727966,0.5011606216430664,0.9232186079025269,0.9919121265411377,0.5115697383880615,0.0,0.9851779937744141,0.9655172228813171,0.8189606070518494,0.4276869297027588,31.038179397583008,0.6432396173477173,2.188385486602783
run_1789376009_gpu1_env0,74,1,,previous,0.6219027000188362,546,0.7112958679596583,0.49581647912661236,0.9267752567927042,0.9906341433525085,0.4968152940273285,0.0,0.9880720973014832,0.968724250793457,0.8235294222831726,0.29847657680511475,31.98152732849121,0.6426339745521545,1.8260635137557983
run_1789376009_gpu1_env0,75,1,,previous,0.6091163999808487,532,0.7088958273331324,0.4968149960041046,0.9209766586621603,0.9930356740951538,0.49740931391716003,0.0,0.9880820512771606,0.9603272080421448,0.8145207166671753,0.2590918242931366,32.1607666015625,0.6213310360908508,3.4246268272399902
run_1789376009_gpu1_env0,76,1,,previous,0.6173650000127964,542,0.708795577287674,0.4961323340733846,0.9214588205019633,0.99004065990448,0.49835634231567383,0.0,0.9866999387741089,0.9619320631027222,0.8157444596290588,0.3681237995624542,32.58794403076172,0.6793689131736755,2.5566539764404297
run_1789376009_gpu1_env0,77,1,,previous,0.6061602999980096,541,0.7047659754753113,0.4920874039332072,0.9174445470174154,0.9906051158905029,0.48565709590911865,0.0,0.9817427396774292,0.956663966178894,0.8139269351959229,0.16643713414669037,33.16791534423828,0.5813334584236145,3.187762975692749
run_1789376009_gpu1_env0,78,1,,previous,0.6032898000266869,544,0.7043468008438746,0.4911543031533559,0.9175392985343933,0.9909406304359436,0.48252227902412415,0.0,0.9892026782035828,0.9570552110671997,0.8063600063323975,0.07290197163820267,33.90266418457031,0.5563622713088989,3.3630151748657227
run_1789376009_gpu1_env0,79,1,,previous,0.6314899999997579,535,0.7007402429978052,0.4855355719725291,0.9159449140230814,0.9905872941017151,0.4660194218158722,0.0,0.9871351718902588,0.9518760442733765,0.8088235259056091,0.13278941810131073,34.2821044921875,0.558783233165741,4.270217418670654
run_1789376009_gpu1_env0,80,1,,previous,0.609693900012644,550,0.7039479166269302,0.48637405037879944,0.921521782875061,0.9914812445640564,0.4676409065723419,0.0,0.988611102104187,0.9591169357299805,0.8168373107910156,0.07953818887472153,34.709564208984375,0.5900150537490845,3.479753017425537
run_1789376009_gpu1_env0,81,1,,previous,0.6192530000116676,541,0.7025818824768066,0.48259474833806354,0.9225690166155497,0.9887678623199463,0.4590163826942444,0.0,0.99056077003479,0.9639344215393066,0.8132118582725525,0.14415360987186432,35.26919174194336,0.5908632874488831,2.8805198669433594
run_1789376009_gpu1_env0,82,1,,previous,0.6287949999968987,533,0.7035309473673502,0.4805599848429362,0.9265019098917643,0.9895561337471008,0.45212382078170776,0.0,0.9914103746414185,0.9727723002433777,0.8153230547904968,0.31406697630882263,35.648765563964844,0.6025899052619934,1.8730438947677612
run_1789376009_gpu1_env0,83,1,,previous,0.6062103000003844,535,0.7032816608746847,0.48303331931432086,0.9235300024350485,0.9882304072380066,0.46086955070495605,0.0,0.9905765056610107,0.9663382768630981,0.8136752247810364,0.21880744397640228,35.77227783203125,0.6275176405906677,2.3667843341827393
run_1789376009_gpu1_env0,84,1,,previous,0.6428079000033904,535,0.7045625001192093,0.4877687195936839,0.9213562806447347,0.9875352382659912,0.4757709205150604,0.0,0.9882352948188782,0.9630845189094543,0.8127490282058716,0.32400450110435486,35.850101470947266,0.5890094637870789,3.023491382598877
run_1789376009_gpu1_env0,85,1,,previous,0.6280679999908898,535,0.6998382012049357,0.4796339472134908,0.9200424551963806,0.9910310506820679,0.44787079095840454,0.0,0.9887640476226807,0.959967315196991,0.8113960027694702,0.16557839512825012,36.42837905883789,0.5670329332351685,2.8456506729125977
run_1789376009_gpu1_env0,86,1,,previous,0.6335115999972913,535,0.6999761710564295,0.47472521662712097,0.9252271254857382,0.9885469079017639,0.435628741979599,0.0,0.9904366135597229,0.9699217081069946,0.8153230547904968,0.3329254686832428,36.85894012451172,0.6322550773620605,1.9520411491394043
run_1789376009_gpu1_env0,87,1,,previous,0.6122791999951005,528,0.6937000701824824,0.4673845072587331,0.9200156331062317,0.9906991124153137,0.4114544093608856,0.0,0.9865446090698242,0.959575355052948,0.8139269351959229,0.36046192049980164,37.4139404296875,0.6214593052864075,2.9663634300231934
run_1789376009_gpu1_env0,88,1,,previous,0.6359103000140749,531,0.6954628626505533,0.46676353613535565,0.9241621891657511,0.9882151484489441,0.4120754599571228,0.0,0.9887640476226807,0.9654889106750488,0.8182336091995239,0.3516711890697479,37.7768669128418,0.5875785946846008,2.6481151580810547
run_1789376009_gpu1_env0,89,1,,previous,0.6228167999943253,530,0.6957354495922724,0.4723217189311981,0.9191491802533468,0.986873984336853,0.43009117245674133,0.0,0.9807559251785278,0.9578387141227722,0.8188529014587402,0.380296915769577,37.851097106933594,0.6635406613349915,3.155170440673828
run_1789376009_gpu1_env0,90,1,,previous,0.6142186000070069,531,0.6936891426642736,0.4680061638355255,0.9193721214930216,0.9886928200721741,0.41532567143440247,0.0,0.9890596866607666,0.9579076170921326,0.8111490607261658,0.36179548501968384,38.11334228515625,0.5898149609565735,3.4481005668640137
run_1789376009_gpu1_env0,91,1,,previous,0.6229744000011124,533,0.691851943731308,0.4676894148190816,0.9160144726435343,0.986659586429596,0.4164086580276489,0.0,0.9880919456481934,0.954285740852356,0.8056657314300537,0.5145387053489685,38.49338150024414,0.5654570460319519,4.039341926574707
run_1789376009_gpu1_env0,92,1,,previous,0.6007630999956746,529,0.6917333056529363,0.46490539113680523,0.9185612201690674,0.9885385632514954,0.4061776101589203,0.0,0.989050567150116,0.9575163125991821,0.809116780757904,0.38095763325691223,38.708648681640625,0.5561120510101318,3.1273751258850098
run_1789376009_gpu1_env0,93,1,,previous,0.636266000015894,530,0.6906059135993322,0.4644412696361542,0.9167705575625101,0.9889692068099976,0.40435460209846497,0.0,0.9805060029029846,0.9559183716773987,0.8138872981071472,0.43621134757995605,38.74046325683594,0.5586374998092651,3.6433591842651367
run_1789376009_gpu1_env0,94,1,,previous,0.6489201000076719,532,0.6917228698730469,0.46624912818272907,0.9171966115633646,0.9890142679214478,0.4097331166267395,0.0,0.987671434879303,0.9555283784866333,0.8083900213241577,0.31888699531555176,39.16263198852539,0.5627291202545166,3.861278772354126
run_1789376009_gpu1_env0,95,1,,previous,0.6140005000052042,541,0.6904496053854624,0.4641624490420024,0.9167367617289225,0.9884153008460999,0.4040720462799072,0.0,0.9865744113922119,0.9538963437080383,0.8097395300865173,0.24565397202968597,39.15707015991211,0.5718624591827393,3.9474446773529053
run_1789376009_gpu1_env0,96,1,,previous,0.6809678999998141,525,0.6901351263125738,0.4624854425589244,0.9177848100662231,0.9906309247016907,0.3968254029750824,0.0,0.988095223903656,0.9554920196533203,0.8097671866416931,0.31522396206855774,39.316219329833984,0.540727436542511,3.5577645301818848
run_1789376009_gpu1_env0,97,1,,previous,0.630715200008126,524,0.6895054231087366,0.461690217256546,0.9173206289609274,0.9892206788063049,0.39584997296333313,0.0,0.983788251876831,0.9552116990089417,0.8129619359970093,0.47544991970062256,39.65311050415039,0.6211029887199402,3.427598237991333
run_1789376009_gpu1_env0,98,1,,previous,0.6074989000044297,531,0.6922305027643839,0.4625077247619629,0.921953280766805,0.9868821501731873,0.4006410241127014,0.0,0.9847603440284729,0.9626590013504028,0.8184404969215393,0.36826884746551514,39.54945755004883,0.6030223369598389,2.7274956703186035
run_1789376009_gpu1_env0,99,1,,previous,0.6058191000192892,526,0.6924907217423121,0.46005454659461975,0.9249268968900045,0.9891021847724915,0.3910614550113678,0.0,0.9887577891349792,0.9675297737121582,0.818493127822876,0.37255582213401794,39.545101165771484,0.6121755242347717,2.1548590660095215
run_1789376009_gpu1_env0,100,1,,previous,0.6109641000221018,537,0.6915693680445353,0.45934786399205524,0.9237908720970154,0.9872572422027588,0.390786349773407,0.0,0.9851656556129456,0.9634796977043152,0.8227272629737854,0.385259211063385,39.59950256347656,0.694179356098175,2.693408727645874
run_1789376009_gpu1_env0,101,1,,previous,0.6558913000044413,531,0.688004657626152,0.4531271557013194,0.9228821595509847,0.9893655180931091,0.370015949010849,0.0,0.9873523116111755,0.9623875617980957,0.8189066052436829,0.3279626667499542,39.796600341796875,0.622869610786438,2.697910785675049
run_1789376009_gpu1_env0,102,1,,previous,0.6549614999967162,526,0.6906775385141373,0.45875393350919086,0.9226011435190836,0.9880828857421875,0.38817891478538513,0.0,0.990418016910553,0.9650636911392212,0.8123217225074768,0.3386848568916321,39.90468215942383,0.5916809439659119,2.5848257541656494
run_1789376009_gpu1_env0,103,1,,previous,0.7859241999976803,533,0.6864001154899597,0.4568956693013509,0.9159045616785685,0.9871918559074402,0.38349515199661255,0.0,0.9817427396774292,0.9543602466583252,0.8116106986999512,0.4198784828186035,39.96217346191406,0.6485328078269958,3.4305672645568848
run_1789376009_gpu1_env0,104,1,,previous,0.8028318999859039,529,0.6858472128709158,0.45629457632700604,0.9153998494148254,0.9886132478713989,0.38027048110961914,0.0,0.9831305146217346,0.9535452127456665,0.8095238208770752,0.19979587197303772,39.9017219543457,0.6075188517570496,3.869384288787842
run_1789376009_gpu1_env0,105,1,,previous,0.7386280999926385,520,0.6876960297425588,0.45853139956792194,0.9168606599171957,0.9880841970443726,0.3875100016593933,0.0,0.9866999387741089,0.9554920196533203,0.8083900213241577,0.290199339389801,39.77278518676758,0.6075512170791626,3.8220300674438477
run_1789376009_gpu1_env0,106,1,,previous,0.8472518999769818,534,0.6843265096346537,0.4545183976491292,0.9141346216201782,0.9871416091918945,0.37641358375549316,0.0,0.97831791639328,0.9498164057731628,0.8142695426940918,0.2763115465641022,40.044189453125,0.705746054649353,3.581678628921509
run_1789376009_gpu1_env0,107,1,,previous,0.8444332999933977,531,0.6871884117523829,0.46196813384691876,0.912408689657847,0.9884582757949829,0.3974461257457733,0.0,0.9854872226715088,0.9485714435577393,0.8031674027442932,0.3663921058177948,39.71073913574219,0.5503625869750977,3.8926947116851807
run_1789376009_gpu1_env0,108,1,,previous,0.7947600999905262,536,0.6890524377425512,0.4612542490164439,0.9168506264686584,0.9875813722610474,0.3961813747882843,0.0,0.9866555333137512,0.9512194991111755,0.8126768469810486,0.3225327432155609,39.78984451293945,0.6013794541358948,3.6764214038848877
run_1789376009_gpu1_env0,109,1,,previous,0.8353141999978106,535,0.683129628499349,0.45292937755584717,0.9133298794428507,0.9873363971710205,0.371451735496521,0.0,0.9878082275390625,0.9519544243812561,0.8002269864082336,0.4400617778301239,40.21539306640625,0.5098499059677124,4.358468055725098
run_1789376009_gpu1_env0,110,1,,previous,0.7743097000056878,527,0.6844514906406403,0.4534916679064433,0.9154113133748373,0.9864912629127502,0.3739837408065796,0.0,0.982451319694519,0.954285740852356,0.8094968795776367,0.3312089741230011,40.29643630981445,0.5834908485412598,4.161136627197266
run_1789376009_gpu1_env0,111,1,,previous,0.7462298999889754,521,0.6848585108915964,0.4510521690050761,0.9186648527781168,0.9889288544654846,0.36422765254974365,0.0,0.9864040017127991,0.9548596739768982,0.8147308826446533,0.4158126711845398,40.26968765258789,0.6093196272850037,3.810844659805298
run_1789376009_gpu1_env0,112,1,,previous,0.838060600013705,529,0.6871152569850286,0.455890287955602,0.9183402260144552,0.9874119758605957,0.3802588880062103,0.0,0.9836565256118774,0.9559183716773987,0.8154457807540894,0.5704280138015747,40.312496185302734,0.6869592070579529,3.4080069065093994
run_1789376009_gpu1_env0,113,1,,previous,0.8116980000049807,530,0.6854443649450938,0.45406121015548706,0.9168275197347006,0.9877914190292358,0.37439221143722534,0.0,0.9822763800621033,0.95234215259552,0.8158640265464783,0.5133318901062012,40.31122970581055,0.6101714372634888,3.7003109455108643
run_1789376009_gpu1_env0,114,1,,previous,0.7876951999787707,532,0.6877491821845373,0.4558626512686412,0.9196357131004333,0.9861698746681213,0.3814180791378021,0.0,0.989050567150116,0.9599018096923828,0.8099547624588013,0.6449514031410217,40.42803192138672,0.5790784358978271,3.91206431388855
run_1789376009_gpu1_env0,115,1,,previous,0.7700026000093203,527,0.6831713120142618,0.44871391852696735,0.9176287055015564,0.9872940182685852,0.3588477373123169,0.0,0.9833748936653137,0.9554920196533203,0.8140192031860352,0.6259251236915588,40.80883026123047,0.626560389995575,3.959035873413086
run_1789376009_gpu1_env0,116,1,,previous,0.7522515000018757,531,0.6888001362482706,0.45611435174942017,0.9214859207471212,0.9862292408943176,0.38211381435394287,0.0,0.9882352948188782,0.9635096192359924,0.8127128481864929,0.5122366547584534,40.661373138427734,0.5797380805015564,3.2237935066223145
run_1789376009_gpu1_env0,117,1,,previous,0.7545514000230469,526,0.6871856947739919,0.45564790566762287,0.918723483880361,0.986845850944519,0.3800978660583496,0.0,0.9855152368545532,0.9615384340286255,0.809116780757904,0.3981865346431732,40.622257232666016,0.5724696516990662,3.1268742084503174
run_1789376009_gpu1_env0,118,1,,previous,0.9316719000053126,530,0.6881207277377447,0.45718784133593243,0.9190536141395569,0.9867615699768066,0.3848019540309906,0.0,0.9885374903678894,0.959967315196991,0.8086560368537903,0.4647681415081024,40.53001022338867,0.5794564485549927,3.2949118614196777
run_1789376009_gpu1_env0,119,1,,previous,0.9812562000006437,527,0.6840181748072306,0.4509042104085286,0.9171321392059326,0.9887808561325073,0.3639317750930786,0.0,0.9889837503433228,0.954046368598938,0.8083662986755371,0.2999395430088043,40.36620330810547,0.5557413697242737,4.2778239250183105
run_1789376009_gpu1_env0,120,1,,previous,0.7334024999872781,519,0.6894170790910721,0.45776105920473736,0.9210730989774069,0.9881699085235596,0.38511326909065247,0.0,0.9891349077224731,0.9600651860237122,0.8140192031860352,0.514184832572937,40.22394943237305,0.5872736573219299,3.7411491870880127
run_1789376009_gpu1_env0,121,1,,previous,0.7439264999993611,522,0.6866452594598135,0.455133855342865,0.9181566635767618,0.9865397810935974,0.37886178493499756,0.0,0.9805585741996765,0.9581810832023621,0.8157303333282471,0.4737447202205658,40.46091079711914,0.646105945110321,3.8654351234436035
run_1789376009_gpu1_env0,122,1,,previous,0.7653850999777205,528,0.6887691915035248,0.45422563950220746,0.9233127435048422,0.988284707069397,0.37439221143722534,0.0,0.9886379241943359,0.968163251876831,0.8131370544433594,0.5356329679489136,40.364646911621094,0.5538069009780884,3.0938937664031982
run_1789376009_gpu1_env0,123,1,,previous,0.7668845000152942,530,0.6866705814997355,0.45443983872731525,0.9189013242721558,0.9892304539680481,0.3740890622138977,0.0,0.9875971078872681,0.961850643157959,0.8072562217712402,0.6546095609664917,40.232723236083984,0.5584317445755005,3.628495454788208
run_1789376009_gpu1_env0,124,1,,previous,0.7623102999932598,518,0.6882831106583277,0.4584728976090749,0.9180933237075806,0.9864845871925354,0.38893410563468933,0.0,0.9891274571418762,0.9592834115028381,0.8058691024780273,0.5779755711555481,40.195350646972656,0.5698148608207703,3.67002534866333
run_1789376009_gpu1_env0,125,1,,previous,0.7522027999802958,516,0.6838592737913132,0.45440446337064105,0.9133140842119852,0.9872004389762878,0.3760129511356354,0.0,0.9881497621536255,0.958825945854187,0.7929665446281433,0.4192078411579132,40.336212158203125,0.5338143706321716,3.935023069381714
run_1789376009_gpu1_env0,126,1,,previous,0.700587600003928,532,0.6824494649966558,0.4487634797890981,0.9161354502042135,0.9883265495300293,0.357963889837265,0.0,0.9847918748855591,0.9647541046142578,0.7988603711128235,0.5238209366798401,40.50607681274414,0.6005403399467468,2.8637535572052
run_1789376009_gpu1_env0,127,1,,previous,0.6376800000143703,524,0.6875547170639038,0.45767780145009357,0.917431632677714,0.9860415458679199,0.38699185848236084,0.0,0.9841776490211487,0.9683441519737244,0.799773097038269,0.5908311605453491,40.26844787597656,0.5785675048828125,3.3903820514678955
run_1789376009_gpu1_env0,128,1,,previous,0.6246203999908175,531,0.6845736056566238,0.44871897498766583,0.9204282363255819,0.9877281188964844,0.35842880606651306,0.0,0.9874222278594971,0.9702405333518982,0.8036219477653503,0.5604664087295532,40.57258605957031,0.5820563435554504,2.7405261993408203
run_1789376009_gpu1_env0,129,1,,previous,0.6613415999745484,530,0.6849267979462942,0.45070433616638184,0.9191492597262064,0.9866970181465149,0.3654159903526306,0.0,0.9888612031936646,0.9701675772666931,0.7984189987182617,0.3630443513393402,40.54393768310547,0.5803115367889404,2.6170356273651123
run_1789376009_gpu1_env0,130,1,,previous,0.6266343999886885,520,0.680963138739268,0.44804582993189496,0.913880447546641,0.9877501726150513,0.35638731718063354,0.0,0.986739456653595,0.9643880724906921,0.790513813495636,0.40656131505966187,40.577476501464844,0.4648180305957794,3.176443099975586
run_1789376009_gpu1_env0,131,1,,previous,0.6053346999979112,534,0.686028520266215,0.4531246821085612,0.9189323584238688,0.9874327778816223,0.3719412684440613,0.0,0.9870901107788086,0.9724249839782715,0.7972819805145264,0.6211846470832825,40.50262451171875,0.544978141784668,3.0203816890716553
run_1789376009_gpu1_env0,132,1,,previous,0.6654772000038065,532,0.6804269701242447,0.44866594672203064,0.9121879935264587,0.9875690340995789,0.35842880606651306,0.0,0.9846704006195068,0.9595469236373901,0.7923466563224792,0.6507828831672668,40.678245544433594,0.5336098670959473,3.8087892532348633
run_1789376009_gpu1_env0,133,1,,previous,0.6045102000061888,528,0.6843142559130987,0.4543725550174713,0.914255956808726,0.9872022867202759,0.37591537833213806,0.0,0.9878665208816528,0.9630231857299805,0.7918781638145447,0.4002607464790344,40.367515563964844,0.5816474556922913,3.368483304977417
run_1789376009_gpu1_env0,134,1,,previous,0.6160586000187322,528,0.6842376589775085,0.45558299620946247,0.9128923217455546,0.9877167344093323,0.3790322542190552,0.0,0.9841309785842896,0.9680291414260864,0.7865168452262878,0.25687074661254883,40.24214172363281,0.48877865076065063,3.547513484954834
run_1789376009_gpu1_env0,135,1,,previous,0.6367373999964911,536,0.6864377607901891,0.4557570119698842,0.917118509610494,0.9892419576644897,0.37802907824516296,0.0,0.987746000289917,0.9747967720031738,0.7888127565383911,0.27100977301597595,40.063018798828125,0.5057440996170044,2.571615695953369
run_1789376009_gpu1_env0,136,1,,previous,0.5997317000001203,527,0.6826215833425522,0.45411840081214905,0.9111247658729553,0.98775714635849,0.37459805607795715,0.0,0.9876723885536194,0.9763843417167664,0.7693175673484802,0.4182475805282593,40.19328308105469,0.48731857538223267,2.2134625911712646
run_1789376009_gpu1_env0,137,1,,previous,0.6031483999977354,531,0.6854618489742279,0.45369962851206463,0.9172240694363912,0.9888184666633606,0.37228041887283325,0.0,0.9856574535369873,0.9807456135749817,0.7852691411972046,0.26086944341659546,40.093021392822266,0.5277550220489502,1.5774357318878174
run_1789376009_gpu1_env0,138,1,,previous,0.6157599000143819,526,0.6825903902451197,0.4542447626590729,0.9109360178311666,0.987633228302002,0.3751010596752167,0.0,0.987874448299408,0.980327844619751,0.7646057605743408,0.34873420000076294,40.229148864746094,0.5588094592094421,1.44645094871521
run_1789376009_gpu1_env0,139,1,,previous,0.6336513000132982,531,0.6839351703723272,0.45652257402737934,0.911347766717275,0.9867615699768066,0.3828061521053314,0.0,0.98506760597229,0.9779050946235657,0.7710705995559692,0.3440341353416443,40.2560920715332,0.557623028755188,1.2325763702392578
run_1789376009_gpu1_env0,140,1,,previous,0.5939613999798894,527,0.6801283260186514,0.45627031723658246,0.9039863348007202,0.9863150119781494,0.3824959397315979,0.0,0.9847044944763184,0.971240758895874,0.7560137510299683,0.31778037548065186,40.37480163574219,0.5671889781951904,1.7760802507400513
run_1789376009_gpu1_env0,141,1,,previous,0.624553300003754,530,0.6775054881970087,0.45732344190279645,0.8976875344912211,0.9868570566177368,0.38511326909065247,0.0,0.9845978617668152,0.9662551283836365,0.7422096133232117,0.4420373737812042,40.150238037109375,0.5007354021072388,1.6697638034820557
run_1789376009_gpu1_env0,142,1,,previous,0.5849925999937113,524,0.6731617997090021,0.4473285377025604,0.898995061715444,0.9886630773544312,0.3533225357532501,0.0,0.9837837815284729,0.9673418998718262,0.7458595037460327,0.3446285128593445,40.388893127441406,0.5252892971038818,2.371906042098999
run_1789376009_gpu1_env0,143,1,,previous,0.5987827999924775,529,0.6704862068096796,0.4507633149623871,0.8902090986569723,0.9871717691421509,0.3651181757450104,0.0,0.980053186416626,0.9586983919143677,0.7318757176399231,0.2550732493400574,40.452152252197266,0.5530915856361389,3.3180041313171387
run_1789376009_gpu1_env0,144,1,,previous,0.61336270000902,531,0.6736033211151758,0.4571334421634674,0.8900732000668844,0.9882152080535889,0.38318511843681335,0.0,0.9815158843994141,0.9545264840126038,0.7341772317886353,0.3125803768634796,40.07632827758789,0.6079381704330444,3.727936029434204
run_1789376009_gpu1_env0,145,1,,previous,0.6020392999926116,532,0.6682405273119608,0.4535482128461202,0.8829328417778015,0.9883642196655273,0.37228041887283325,0.0,0.9793326258659363,0.9508061408996582,0.7186597585678101,0.3866461217403412,40.15932083129883,0.6221596002578735,4.136685371398926
run_1789376009_gpu1_env0,146,1,,previous,0.5922207999974489,530,0.6686977793773016,0.45422404011090595,0.8831715186436971,0.9870702028274536,0.3756019175052643,0.0,0.9785881042480469,0.9490261077880859,0.7219003438949585,0.36851683259010315,40.1211051940918,0.6014258861541748,4.161607265472412
run_1789376009_gpu1_env0,147,1,,previous,0.6068348999833688,536,0.6706650704145432,0.45943354566891986,0.8818965951601664,0.9872391819953918,0.3910614550113678,0.0,0.9791382551193237,0.9494614601135254,0.7170900702476501,0.3306123614311218,39.870513916015625,0.5647211670875549,3.927351951599121
run_1789376009_gpu1_env0,148,1,,previous,0.6023799999966286,524,0.6676026086012522,0.45576798915863037,0.8794372280438741,0.9897039532661438,0.3776000142097473,0.0,0.975996732711792,0.9474555253982544,0.7148594260215759,0.5019168853759766,39.69895553588867,0.6022469401359558,4.06640100479126
run_1789376009_gpu1_env0,149,1,,previous,0.5899725999915972,520,0.6632582247257233,0.4545214573542277,0.8719949920972189,0.988165020942688,0.3753993511199951,0.0,0.9763062000274658,0.9373183846473694,0.7023603916168213,0.4386407136917114,39.811058044433594,0.6636365056037903,5.194860458374023
run_1789376009_gpu1_env0,150,1,,previous,0.5974892000085674,521,0.6660372416178385,0.45655083656311035,0.8755236466725668,0.9879363775253296,0.38171613216400146,0.0,0.9751472473144531,0.9410788416862488,0.7103448510169983,0.5079657435417175,39.72801971435547,0.7055171132087708,5.1331658363342285
run_1789376009_gpu1_env0,151,1,,previous,0.6203385999833699,519,0.6636683245499929,0.4566435217857361,0.8706931273142496,0.9877649545669556,0.3821656107902527,0.0,0.9750245809555054,0.9264828562736511,0.7105719447135925,0.2830337584018707,39.95492935180664,0.6252012848854065,6.1715216636657715
run_1789376009_gpu1_env0,152,1,,previous,0.5824833000078797,529,0.6632082909345627,0.4544539550940196,0.8719626267751058,0.9895599484443665,0.37380191683769226,0.0,0.9736229777336121,0.936382532119751,0.7058823704719543,0.369239866733551,39.871604919433594,0.7101569175720215,6.139289855957031
run_1789376009_gpu1_env0,153,1,,previous,0.595861599984346,522,0.6624252001444498,0.4572971661885579,0.8675532341003418,0.9875840544700623,0.3843074440956116,0.0,0.971794605255127,0.9331103563308716,0.6977547407150269,0.334105908870697,40.00362014770508,0.6650501489639282,5.575345039367676
run_1789376009_gpu1_env0,154,1,,previous,0.618462400016142,520,0.6606378455956777,0.45751072963078815,0.8637649615605673,0.9871070981025696,0.3854250907897949,0.0,0.9751505851745605,0.9255717396736145,0.6905725598335266,0.4543740749359131,40.0149040222168,0.6178562045097351,6.2150797843933105
run_1789376009_gpu1_env0,155,1,,previous,0.5858939999889117,531,0.6582402586936951,0.4525947372118632,0.863885780175527,0.9876543283462524,0.37012988328933716,0.0,0.9732998609542847,0.9248554706573486,0.6935020089149475,0.49890467524528503,40.35506820678711,0.654387891292572,6.105090618133545
run_1789376009_gpu1_env0,156,1,,previous,0.5894701000070199,520,0.6632262319326401,0.458327978849411,0.8681244850158691,0.9859605431556702,0.38902339339256287,0.0,0.9703115224838257,0.9312344789505005,0.7028274536132812,0.34613898396492004,40.20896911621094,0.5885882377624512,5.7657856941223145
run_1789376009_gpu1_env0,157,1,,previous,0.6012633000209462,526,0.6595545460780462,0.45918290813763935,0.859926184018453,0.9876218438148499,0.38992688059806824,0.0,0.9719440937042236,0.9230769276618958,0.6847575306892395,0.501936137676239,40.00959014892578,0.6484975218772888,6.287590980529785
run_1789376009_gpu1_env0,158,1,,previous,0.6180015999998432,507,0.6576817184686661,0.45722896854082745,0.8581344683965048,0.9888113141059875,0.38287559151649475,0.0,0.9696320295333862,0.9228229522705078,0.6819484233856201,0.4740534722805023,39.996097564697266,0.6089290976524353,5.68065071105957
run_1789376009_gpu1_env0,159,1,,previous,0.5994618000113405,518,0.6578274369239807,0.45594096183776855,0.8597139120101929,0.9887064099311829,0.3791164755821228,0.0,0.9694998860359192,0.9222497940063477,0.6873920559883118,0.4460107982158661,40.01795959472656,0.6328136324882507,6.512707710266113
run_1789376009_gpu1_env0,160,1,,previous,0.5822810999816284,531,0.6578622361024221,0.4590481718381246,0.8566763003667196,0.9883894920349121,0.38875502347946167,0.0,0.9667474627494812,0.921227216720581,0.6820542216300964,0.40775778889656067,39.9139404296875,0.6905032396316528,6.625842571258545
run_1789376009_gpu1_env0,161,1,,previous,0.6014331000042148,522,0.6527368674675623,0.4549480577309926,0.8505256772041321,0.9871202111244202,0.37772396206855774,0.0,0.9733310341835022,0.9154351353645325,0.6628108620643616,0.4627700746059418,40.22929763793945,0.6227213144302368,6.510659694671631
run_1789376009_gpu1_env0,162,1,,previous,0.6149370000057388,524,0.6533969541390737,0.45295657714207965,0.8538373311360677,0.9876025915145874,0.3712671399116516,0.0,0.969563364982605,0.915394127368927,0.6765545010566711,0.36617591977119446,40.228904724121094,0.618295431137085,6.290894985198975
run_1789376009_gpu1_env0,163,1,,previous,0.6002647999848705,523,0.652342806259791,0.45691893498102826,0.8477666775385538,0.9868210554122925,0.38393574953079224,0.0,0.9705907106399536,0.9110378623008728,0.6616714596748352,0.3864401578903198,39.91543197631836,0.6033658385276794,6.624540328979492
run_1789376009_gpu1_env0,164,1,,previous,0.6137893999984954,521,0.6522021740674973,0.45315954089164734,0.8512448072433472,0.9886921048164368,0.37078651785850525,0.0,0.9662548899650574,0.9108911156654358,0.6765884160995483,0.2796975076198578,39.93370056152344,0.7222314476966858,6.99986457824707
run_1789376009_gpu1_env0,165,1,,previous,0.6000523999973666,512,0.6510766645272573,0.45590152343114215,0.8462518056233724,0.9875128865242004,0.3801916837692261,0.0,0.9696175456047058,0.9124386310577393,0.6566992402076721,0.2723802924156189,40.026580810546875,0.5562774538993835,6.220376968383789
run_1789376009_gpu1_env0,166,1,,previous,0.6184543000126723,514,0.6524389833211899,0.4549669126669566,0.8499110539754232,0.9875727891921997,0.37732794880867004,0.0,0.9673287272453308,0.9126691222190857,0.669735312461853,0.4230780005455017,39.99470138549805,0.6337420344352722,6.430595874786377
run_1789376009_gpu1_env0,167,1,,previous,0.6373860999883618,527,0.6520747443040212,0.4542103409767151,0.8499391476313273,0.9877315759658813,0.3748994469642639,0.0,0.9653290510177612,0.914379358291626,0.6701090335845947,0.3766777813434601,40.14130401611328,0.6719608306884766,6.020699501037598
run_1789376009_gpu1_env0,168,1,,previous,0.5793816999939736,520,0.6523287842671076,0.45629116892814636,0.848366399606069,0.9869234561920166,0.3819500505924225,0.0,0.9686405658721924,0.9109393954277039,0.6655192375183105,0.5003278255462646,39.897987365722656,0.5628452301025391,6.210093975067139
run_1789376009_gpu1_env0,169,1,,previous,0.6111502999847289,516,0.6491742432117462,0.4476064642270406,0.8507420221964518,0.9887369275093079,0.35408246517181396,0.0,0.9643615484237671,0.9120654463768005,0.6757990717887878,0.28366902470588684,40.11081314086914,0.6422924399375916,6.361003875732422
run_1789376009_gpu1_env0,170,1,,previous,0.6043351999833249,511,0.6512841433286667,0.4574323197205861,0.8451359669367472,0.9894534349441528,0.3828435242176056,0.0,0.9639512896537781,0.9120654463768005,0.6593911647796631,0.27785709500312805,39.78089904785156,0.6603898406028748,6.285345077514648
run_1789376009_gpu1_env0,171,1,,previous,0.6066144999931566,515,0.6483553449312845,0.45773977041244507,0.8389709194501241,0.9876771569252014,0.3855421543121338,0.0,0.966855525970459,0.9020892977714539,0.6479679346084595,0.4097176492214203,39.97587966918945,0.6186063885688782,6.499264717102051
run_1789376009_gpu1_env0,172,1,,previous,0.5935421999893151,511,0.6479000697533289,0.45488006869951886,0.840920070807139,0.9870064854621887,0.3776337206363678,0.0,0.9682698845863342,0.9045473337173462,0.6499429941177368,0.386981338262558,40.17762756347656,0.5834441781044006,6.495824337005615
run_1789376009_gpu1_env0,173,1,,previous,0.6087106000049971,508,0.6462329675753912,0.45090584953625995,0.8415600856145223,0.987457811832428,0.36525973677635193,0.0,0.9666692018508911,0.9092389345169067,0.648772120475769,0.43753957748413086,40.25691223144531,0.5429627299308777,6.227874279022217
run_1789376009_gpu1_env0,174,1,,previous,0.6288097999931779,513,0.6446669648090998,0.45167121291160583,0.8376627167065939,0.9885891079902649,0.3664245307445526,0.0,0.9710410237312317,0.9044327139854431,0.6375144124031067,0.5200256109237671,40.227142333984375,0.5261543393135071,6.3576741218566895
run_1789376009_gpu1_env0,175,1,,previous,0.6190874000021722,502,0.6418524831533432,0.4477141201496124,0.835990846157074,0.9883823990821838,0.35475996136665344,0.0,0.9697933197021484,0.9003660082817078,0.6378132104873657,0.40516775846481323,40.39045715332031,0.503326952457428,6.374736785888672
run_1789376009_gpu1_env0,176,1,,previous,0.6011252000171226,509,0.6467244078715643,0.45484142502148944,0.838607390721639,0.9869815707206726,0.3775427043437958,0.0,0.9681797623634338,0.9038068056106567,0.6438356041908264,0.5552335381507874,40.288082122802734,0.5404757857322693,6.614527225494385
run_1789376009_gpu1_env0,177,1,,previous,0.6147334999986924,522,0.6474666645129522,0.45454715689023334,0.840386172135671,0.9867121577262878,0.37692931294441223,0.0,0.967640221118927,0.9028060436248779,0.650712251663208,0.53446364402771,40.35810470581055,0.5430980324745178,6.3474273681640625
run_1789376009_gpu1_env0,178,1,,previous,0.6865201999899,516,0.6437993595997492,0.45397989948590595,0.8336188197135925,0.9881532788276672,0.37378641963005066,0.0,0.9699917435646057,0.8963265419006348,0.6345381736755371,0.4902958869934082,40.331790924072266,0.5602012872695923,6.746105670928955
run_1789376009_gpu1_env0,179,1,,previous,0.7601066999777686,504,0.6407433897256851,0.4568354586760203,0.82465132077535,0.9864543080329895,0.3840520679950714,0.0,0.974932849407196,0.8876221776008606,0.6113989353179932,0.7416105270385742,40.20965576171875,0.5107766389846802,7.2970781326293945
run_1789376009_gpu1_env0,180,1,,previous,0.8168429999786895,520,0.6443771421909332,0.4546126325925191,0.8341416517893473,0.9875199794769287,0.37631791830062866,0.0,0.9705619812011719,0.9050142765045166,0.6268486976623535,0.538680911064148,40.177066802978516,0.4907712936401367,6.328122615814209
run_1789376009_gpu1_env0,181,1,,previous,0.8699258000124246,508,0.6464285850524902,0.4596271316210429,0.8332300384839376,0.9865984320640564,0.39228296279907227,0.0,0.970642626285553,0.9027048945426941,0.6263425946235657,0.31271466612815857,40.09197998046875,0.43643343448638916,6.362483501434326
run_1789376009_gpu1_env0,182,1,,previous,0.8030158999899868,513,0.6472204476594925,0.4586390753587087,0.8358018199602762,0.9878334999084473,0.38808372616767883,0.0,0.9706056118011475,0.9008498787879944,0.635949969291687,0.39702582359313965,39.86676788330078,0.4120504558086395,6.409767150878906
run_1789376009_gpu1_env0,183,1,,previous,0.8226132999989204,503,0.6446486115455627,0.45949546496073407,0.8298017581303915,0.9892886281013489,0.38919776678085327,0.0,0.9703966975212097,0.8935128450393677,0.6254957318305969,0.5080617070198059,39.60526657104492,0.5284628868103027,6.521914482116699
run_1789376009_gpu1_env0,184,1,,previous,0.7923329999903217,496,0.6423436750968298,0.45292293032010394,0.8317644198735555,0.9887528419494629,0.370015949010849,0.0,0.9700581431388855,0.8949734568595886,0.6302616596221924,0.47991183400154114,39.97401809692383,0.5240365862846375,6.601944923400879
run_1789376009_gpu1_env0,185,1,,previous,0.79932709998684,507,0.6423224111398061,0.45786068836847943,0.8267841339111328,0.9883493185043335,0.38523274660110474,0.0,0.971656322479248,0.8897029161453247,0.6189931631088257,0.5165120363235474,39.914859771728516,0.5466748476028442,7.048068046569824
run_1789376009_gpu1_env0,186,1,,previous,0.8156485999934375,508,0.6416528423627218,0.45533772309621173,0.8279679616292318,0.9867587089538574,0.37925446033477783,0.0,0.9748802781105042,0.8891605734825134,0.6198630332946777,0.5822793841362,40.13508224487305,0.44125914573669434,7.16445255279541
run_1789376009_gpu1_env0,187,1,,previous,0.8857439999992494,509,0.6471093744039536,0.45232342680295307,0.841895322004954,0.9895246624946594,0.36744561791419983,0.0,0.965112030506134,0.9087221026420593,0.6518518328666687,0.3902801275253296,40.1047477722168,0.6093440651893616,6.210724830627441
run_1789376009_gpu1_env0,188,1,,previous,0.8035444999986794,506,0.6458330750465393,0.45579959948857623,0.8358665506045023,0.9878951907157898,0.37950360774993896,0.0,0.9694072604179382,0.9048780202865601,0.6333143711090088,0.4291507303714752,40.11507797241211,0.5136046409606934,6.2892746925354
run_1789376009_gpu1_env0,189,1,,previous,0.8292744999926072,502,0.6442571580410004,0.457521915435791,0.8309924006462097,0.9877026081085205,0.38486313819885254,0.0,0.9709751009941101,0.8959349393844604,0.6260671615600586,0.41630101203918457,40.002845764160156,0.45962756872177124,6.574023246765137
run_1789376009_gpu1_env0,190,1,,previous,0.7492005999956746,503,0.6422195434570312,0.4537807106971741,0.8306583762168884,0.9876621961593628,0.3736799359321594,0.0,0.9706639051437378,0.8948875069618225,0.626423716545105,0.5534080862998962,40.111778259277344,0.5670134425163269,7.166807651519775
run_1789376009_gpu1_env0,191,1,,previous,0.7465176999976393,513,0.6419667452573776,0.4549002746740977,0.8290332158406576,0.9874937534332275,0.37720707058906555,0.0,0.9697414636611938,0.8945010304450989,0.6228571534156799,0.6428560018539429,39.97077560424805,0.4952647387981415,6.752556800842285
run_1789376009_gpu1_env0,192,1,,previous,0.7751075999985915,498,0.6407618522644043,0.45159157117207843,0.8299321333567301,0.9868654608726501,0.3679092526435852,0.0,0.9710208773612976,0.8937039971351624,0.6250715255737305,0.5396744608879089,40.31184387207031,0.5307112336158752,7.180754661560059
run_1789376009_gpu1_env0,193,1,,previous,0.7530797999934293,510,0.6450053254763285,0.4605668783187866,0.8294437726338705,0.9862022399902344,0.3954983949661255,0.0,0.9680452346801758,0.896495521068573,0.6237905621528625,0.5891429781913757,39.8851432800293,0.5912780165672302,6.6953301429748535
run_1789376009_gpu1_env0,194,1,,previous,0.7662640000053216,508,0.6420904944340388,0.4571429193019867,0.8270380695660909,0.9890994429588318,0.3823293149471283,0.0,0.9724528193473816,0.8887983560562134,0.6198630332946777,0.42396625876426697,39.81308364868164,0.4884662926197052,6.903136730194092
run_1789376009_gpu1_env0,195,1,,previous,0.8043012999987695,509,0.6450548072655996,0.4577057758967082,0.832403838634491,0.9874030351638794,0.3857142925262451,0.0,0.9683701992034912,0.8981595039367676,0.6306818127632141,0.2774724066257477,39.84882736206055,0.5542712211608887,6.808843612670898
run_1789376009_gpu1_env0,196,1,,previous,0.8214923999912571,512,0.6426094323396683,0.4575397272904714,0.8276791373888651,0.9887968301773071,0.38382235169410706,0.0,0.972581684589386,0.8901592493057251,0.6202964782714844,0.27202802896499634,39.773780822753906,0.5218852162361145,6.977691650390625
run_1789376009_gpu1_env0,197,1,,previous,0.7641950999968685,511,0.6418859759966532,0.45673582951227826,0.8270361224810282,0.988041877746582,0.3821656107902527,0.0,0.9709881544113159,0.8911536931991577,0.6189665198326111,0.3276624381542206,39.91578674316406,0.5459824204444885,6.60271692276001
run_1789376009_gpu1_env0,198,1,,previous,0.7556826999934856,501,0.6421515047550201,0.45822592576344806,0.8260770837465922,0.9874777793884277,0.3871999979019165,0.0,0.9720112681388855,0.8893442749977112,0.6168757081031799,0.36190250515937805,39.809513092041016,0.5383233428001404,6.894493579864502
run_1789376009_gpu1_env0,199,1,,previous,0.7470724000013433,506,0.6421890556812286,0.4504784941673279,0.8338996171951294,0.9886824488639832,0.3627530336380005,0.0,0.9661538600921631,0.9017341136932373,0.6338108777999878,0.4113764464855194,40.134620666503906,0.6337763667106628,7.118302345275879
run_1789376009_gpu1_env0,200,1,,previous,0.7904220000200439,507,0.6443343708912531,0.4591423571109772,0.8295263846715292,0.9870656132698059,0.3903614580631256,0.0,0.9692449569702148,0.8967795372009277,0.6225546598434448,0.5847333669662476,39.905853271484375,0.5555873513221741,7.148773193359375
run_1789376009_gpu1_env0,201,1,,previous,0.7340438999817707,509,0.6400840878486633,0.453124205271403,0.8270439704259237,0.9882218837738037,0.3711507320404053,0.0,0.9729691743850708,0.8947368264198303,0.6134259104728699,0.43576520681381226,40.131309509277344,0.5111978650093079,7.19511079788208
run_1789376009_gpu1_env0,202,1,,previous,0.7849696000048425,499,0.6413854509592056,0.4570268491903941,0.8257440527280172,0.988751232624054,0.3823293149471283,0.0,0.9716396331787109,0.8887056708335876,0.6168868541717529,0.4464675486087799,39.8519401550293,0.4910765290260315,7.431679725646973
run_1789376009_gpu1_env0,203,1,,previous,0.7774121999973431,501,0.641687830289205,0.4558582305908203,0.8275174299875895,0.9878482222557068,0.37972646951675415,0.0,0.9700351357460022,0.8902691602706909,0.6222479939460754,0.46148496866226196,39.90501022338867,0.5201490521430969,7.086926460266113
run_1789376009_gpu1_env0,204,1,,previous,0.8289941999828443,512,0.6409493138392767,0.45298577348391217,0.8289128541946411,0.9888849258422852,0.3700723946094513,0.0,0.9724320769309998,0.8937759399414062,0.6205305457115173,0.40742334723472595,40.03852081298828,0.5219545364379883,7.377887725830078
run_1789376009_gpu1_env0,205,1,,previous,0.7476045999792404,514,0.6384567022323608,0.4545733531316121,0.8223400513331095,0.9874021410942078,0.37631791830062866,0.0,0.9716593623161316,0.8854643702507019,0.6098964214324951,0.2693370282649994,40.120521545410156,0.542453944683075,7.225097179412842
run_1789376009_gpu1_env0,206,1,,previous,0.7700089999998454,515,0.6399422983328501,0.4552185336748759,0.8246660629908243,0.9870148301124573,0.3786407709121704,0.0,0.9732712507247925,0.8898094296455383,0.6109175086021423,0.22323912382125854,40.12190246582031,0.45815858244895935,7.142733573913574
run_1789376009_gpu1_env0,207,1,,previous,0.7434087000146974,507,0.6412508537371954,0.4588285783926646,0.8236731290817261,0.9880427122116089,0.3884430229663849,0.0,0.9719381332397461,0.8940783739089966,0.6050028800964355,0.24654297530651093,39.9128303527832,0.45342934131622314,6.918179512023926
run_1789376009_gpu1_env0,208,1,,previous,0.7681720999826211,512,0.6412546088298162,0.4603358606497447,0.8221733570098877,0.9880083799362183,0.39299920201301575,0.0,0.9721338152885437,0.8960066437721252,0.5983796119689941,0.32192614674568176,39.672462463378906,0.44220396876335144,7.0510172843933105
run_1789376009_gpu1_env0,209,1,,previous,0.7510317999986,506,0.6402323842048645,0.46456201871236164,0.8159027496973673,0.9883232712745667,0.4053627848625183,0.0,0.973240077495575,0.8844388723373413,0.5900292992591858,0.3083513379096985,39.50061798095703,0.40115541219711304,7.069965839385986
run_1789376009_gpu1_env0,210,1,,previous,0.7586549999832641,499,0.6333447049061457,0.44903525710105896,0.8176541527112325,0.9903057813644409,0.35679998993873596,0.0,0.976297914981842,0.8887042999267578,0.5879602432250977,0.1749202311038971,40.084144592285156,0.3716967701911926,7.331468105316162
run_1789376009_gpu1_env0,211,1,,previous,0.728609099984169,501,0.6337854862213135,0.45510417222976685,0.8124668002128601,0.9880143404006958,0.37729817628860474,0.0,0.9756680130958557,0.8850814700126648,0.5766509175300598,0.2711178660392761,39.94175338745117,0.3744249641895294,7.101637840270996
run_1789376009_gpu1_env0,212,1,,previous,0.8247611000260804,500,0.633514275153478,0.4530408978462219,0.813987652460734,0.988154947757721,0.3709677457809448,0.0,0.9702143669128418,0.8863540291786194,0.585394561290741,0.682303786277771,40.023738861083984,0.46955424547195435,7.078728199005127
run_1789376009_gpu1_env0,213,1,,previous,0.7328287999844179,501,0.6346075435479482,0.4552132288614909,0.8140018582344055,0.9883415102958679,0.37729817628860474,0.0,0.9751749038696289,0.8872053623199463,0.5796253085136414,0.4114926755428314,40.00593948364258,0.44685038924217224,7.520917892456055
run_1789376009_gpu1_env0,214,1,,previous,0.7663733999943361,501,0.6320648292700449,0.454828421274821,0.8093012372652689,0.9874884486198425,0.37699681520462036,0.0,0.9754052758216858,0.8830950260162354,0.5694034099578857,0.42710861563682556,40.06346130371094,0.4070385992527008,7.360421180725098
run_1789376009_gpu1_env0,215,1,,previous,0.7076294999860693,510,0.6362676272789637,0.45510032773017883,0.8174349268277487,0.9867925643920898,0.37850841879844666,0.0,0.9731120467185974,0.8950695395469666,0.5841231942176819,0.3953860104084015,39.867530822753906,0.44289135932922363,7.33387565612793
run_1789376009_gpu1_env0,216,1,,previous,0.6447396000148728,498,0.630494624376297,0.45266830921173096,0.808320939540863,0.9891195893287659,0.368885338306427,0.0,0.9769343137741089,0.88165682554245,0.5663716793060303,0.3849632143974304,40.0247802734375,0.4142950475215912,7.580277919769287
run_1789376009_gpu1_env0,217,1,,previous,0.6590335000073537,504,0.6322957972685496,0.4536186059315999,0.8109729886054993,0.9871589541435242,0.37369686365127563,0.0,0.9744963049888611,0.8868243098258972,0.5715983510017395,0.4257906973361969,40.13383483886719,0.45063838362693787,7.549928188323975
run_1789376009_gpu1_env0,218,1,,previous,0.6136750000005122,512,0.6314344902833303,0.4491867621739705,0.8136822183926901,0.9886695742607117,0.35889071226119995,0.0,0.9704487323760986,0.8852320909500122,0.5853658318519592,0.4592036008834839,40.26758575439453,0.516151487827301,7.391809940338135
run_1789376009_gpu1_env0,219,1,,previous,0.6816720000060741,500,0.6331175317366918,0.4532086153825124,0.8130264480908712,0.9871562123298645,0.37246963381767273,0.0,0.9706792831420898,0.8889830708503723,0.5794169902801514,0.4922391176223755,40.35822296142578,0.5555882453918457,7.3802809715271
run_1789376009_gpu1_env0,220,1,,previous,0.6368275000131689,502,0.6320273578166962,0.45630045731862384,0.8077542583147684,0.9882562160491943,0.38064515590667725,0.0,0.975399374961853,0.8798301219940186,0.5680332779884338,0.5140289068222046,40.23208999633789,0.5143595933914185,7.955790042877197
run_1789376009_gpu1_env0,221,1,,previous,0.6059547000040766,507,0.6383783916632334,0.4557375907897949,0.821019192536672,0.9880427122116089,0.3791700601577759,0.0,0.9718831777572632,0.894315779209137,0.5968586206436157,0.37672463059425354,40.40497970581055,0.4555007517337799,7.124418258666992
run_1789376009_gpu1_env0,222,1,,previous,0.6071601999865379,502,0.636883407831192,0.45017264286677044,0.8235941727956136,0.988504946231842,0.36201298236846924,0.0,0.9766534566879272,0.8966376185417175,0.597491443157196,0.3075766861438751,40.42008590698242,0.3391585052013397,7.945371150970459
run_1789376009_gpu1_env0,223,1,,previous,0.6349860000191256,498,0.6407109797000885,0.45323888460795086,0.8281830747922262,0.9873589277267456,0.37235772609710693,0.0,0.9764469861984253,0.8971807360649109,0.6109215021133423,0.41441136598587036,40.450496673583984,0.33497628569602966,7.836315631866455
run_1789376009_gpu1_env0,224,1,,previous,0.60685260000173,498,0.6473982284466425,0.45313534140586853,0.8416611154874166,0.9875796437263489,0.3718263804912567,0.0,0.9753124117851257,0.9082682132720947,0.6414027214050293,0.5407846570014954,40.55984115600586,0.2936084270477295,8.743769645690918
run_1789376009_gpu1_env0,225,1,,previous,0.6169091000047047,503,0.6502780020236969,0.45419784386952716,0.8463581601778666,0.9881045818328857,0.3744889497756958,0.0,0.9748431444168091,0.9119341373443604,0.6522971987724304,0.5318872332572937,40.57496643066406,0.3042243421077728,8.87298583984375
run_1789376009_gpu1_env0,226,1,,previous,0.6775155999930575,511,0.6570435563723246,0.4577447772026062,0.8563423355420431,0.9871840476989746,0.386050283908844,0.0,0.965211033821106,0.9152542352676392,0.688561737537384,0.4588600993156433,40.631324768066406,0.47385847568511963,7.6824235916137695
run_1789376009_gpu1_env0,227,1,,previous,0.7767145999823697,511,0.6575326869885126,0.4572056233882904,0.857859750588735,0.9871886372566223,0.3844282329082489,0.0,0.9717906713485718,0.9131147265434265,0.6886738538742065,0.37391895055770874,40.4481086730957,0.3662884533405304,9.126106262207031
run_1789376009_gpu1_env0,228,1,,previous,0.7391102999972645,521,0.6565158168474833,0.45543162027994794,0.8576000134150187,0.9878729581832886,0.3784219026565552,0.0,0.977462887763977,0.9116925597190857,0.6836445927619934,0.34041693806648254,40.240379333496094,0.35925784707069397,10.70060920715332
run_1789376009_gpu1_env0,229,1,,previous,0.8425646999967285,514,0.653972124059995,0.45351673165957135,0.8544275164604187,0.9871735572814941,0.37337663769721985,0.0,0.977183997631073,0.903199315071106,0.6828992366790771,0.538459062576294,40.31191635131836,0.28489047288894653,10.882963180541992
run_1789376009_gpu1_env0,230,1,,previous,0.922849499998847,520,0.6598257621129354,0.4566837747891744,0.8629677494366964,0.9874146580696106,0.3826366662979126,0.0,0.9764260649681091,0.9089424014091492,0.7035347819328308,0.3527582883834839,40.06254196166992,0.3991260230541229,11.153708457946777
run_1789376009_gpu1_env0,231,1,,previous,0.8293924999888986,525,0.6614975382884344,0.4594271282354991,0.8635679483413696,0.9873282313346863,0.3909531533718109,0.0,0.9754223227500916,0.9062628149986267,0.7090187072753906,0.49868106842041016,40.07033157348633,0.36636409163475037,11.46435832977295
run_1789376009_gpu1_env0,232,1,,previous,0.7753005000122357,519,0.6610879500706991,0.4559577902158101,0.866218109925588,0.9880032539367676,0.37987011671066284,0.0,0.976053774356842,0.9070146679878235,0.7155858874320984,0.5660262703895569,40.154747009277344,0.3903369903564453,11.785455703735352
run_1789376009_gpu1_env0,233,1,,previous,0.7633337999868672,522,0.6607828487952551,0.45396579305330914,0.8675999045372009,0.9883064031600952,0.37359097599983215,0.0,0.9753983020782471,0.9063518047332764,0.7210496068000793,0.3886374533176422,40.09975814819336,0.3392384946346283,11.965022087097168
run_1789376009_gpu1_env0,234,1,,previous,0.7552185000095051,518,0.6596345156431198,0.4516111711661021,0.8676578601201376,0.9888623952865601,0.3659711182117462,0.0,0.9770852327346802,0.9048780202865601,0.7210103273391724,0.25734081864356995,39.99467086791992,0.34168967604637146,12.486945152282715
run_1789376009_gpu1_env0,235,1,,previous,0.7425260999880265,521,0.6641742686430613,0.4614144762357076,0.866934061050415,0.987760603427887,0.39648282527923584,0.0,0.9778321981430054,0.899149477481842,0.7238205075263977,0.336845725774765,39.76283645629883,0.3818480372428894,13.158202171325684
run_1789376009_gpu1_env0,236,1,,previous,0.7400779000017792,523,0.6594029664993286,0.4539712468783061,0.8648346861203512,0.9882168769836426,0.37369686365127563,0.0,0.9777941107749939,0.9004469513893127,0.7162629961967468,0.17744538187980652,39.87286376953125,0.3571883738040924,12.250794410705566
run_1789376009_gpu1_env0,237,1,,previous,0.7720567999931518,520,0.6640485028425852,0.457661509513855,0.8704354961713155,0.987189531326294,0.385794997215271,0.0,0.9759911894798279,0.9026764035224915,0.7326388955116272,0.40445512533187866,40.02983474731445,0.3952094614505768,12.58681583404541
run_1789376009_gpu1_env0,238,1,,previous,0.7827011999906972,517,0.6600035627683004,0.45157891511917114,0.8684282104174296,0.9876894354820251,0.3670473098754883,0.0,0.9778890609741211,0.9024389982223511,0.7249565720558167,0.46893829107284546,40.27561950683594,0.37166789174079895,12.84747314453125
run_1789376009_gpu1_env0,239,1,,previous,0.823437200015178,516,0.6636473884185156,0.4559642771879832,0.8713304996490479,0.9877141118049622,0.3801787197589874,0.0,0.9774215221405029,0.9022312164306641,0.7343387603759766,0.5664976835250854,40.35161209106445,0.43986815214157104,12.921813011169434
run_1789376009_gpu1_env0,240,1,,previous,0.7765305999782868,520,0.6629506150881449,0.4511786103248596,0.8747226198514303,0.9872473478317261,0.3662884831428528,0.0,0.9747036695480347,0.9025182723999023,0.7469459176063538,0.40330150723457336,40.395301818847656,0.428925096988678,12.80239486694336
run_1789376009_gpu1_env0,241,1,,previous,0.7645844999933615,519,0.6642523358265559,0.456000159184138,0.8725045124689738,0.987433671951294,0.38056680560112,0.0,0.9749511480331421,0.9040650129318237,0.7384973764419556,0.5420296788215637,40.23235321044922,0.4438931941986084,12.272631645202637
run_1789376009_gpu1_env0,242,1,,previous,0.791225699998904,529,0.6634257733821869,0.45108834902445477,0.8757631977399191,0.9878490567207336,0.3654159903526306,0.0,0.9733788967132568,0.9011345505714417,0.7527761459350586,0.5161598324775696,40.41697692871094,0.44499075412750244,12.853615760803223
run_1789376009_gpu1_env0,243,1,,previous,0.7591856999788433,525,0.6637582381566366,0.45390262206395465,0.8736138542493185,0.9872123003005981,0.37449556589126587,0.0,0.9751328825950623,0.9028850197792053,0.7428236603736877,0.3508778214454651,40.24810791015625,0.42133456468582153,12.685355186462402
run_1789376009_gpu1_env0,244,1,,previous,0.6614194999856409,530,0.6636330286661783,0.4510500232378642,0.8762160340944926,0.9896605610847473,0.3634895086288452,0.0,0.9739894866943359,0.9059829115867615,0.7486757040023804,0.5422074198722839,40.309722900390625,0.46517127752304077,12.217015266418457
run_1789376009_gpu1_env0,245,1,,previous,0.7165807000128552,527,0.6636697153250376,0.4552738666534424,0.8720655639966329,0.9866515398025513,0.3791700601577759,0.0,0.9781093597412109,0.901992678642273,0.7360946536064148,0.45857924222946167,40.184539794921875,0.5287376046180725,12.755674362182617
run_1789376009_gpu1_env0,246,1,,previous,0.7500221999944188,528,0.6631036500136057,0.45367387930552167,0.8725334207216898,0.9889664053916931,0.3720552325248718,0.0,0.975957989692688,0.9059829115867615,0.7356593608856201,0.5508478283882141,40.16006088256836,0.42227548360824585,11.998416900634766
run_1789376009_gpu1_env0,247,1,,previous,0.7419996999960858,536,0.6655429800351461,0.4537949562072754,0.8772910038630167,0.9869926571846008,0.37439221143722534,0.0,0.9722611904144287,0.9078303575515747,0.7517814636230469,0.7178318500518799,40.193790435791016,0.4956727623939514,11.638381958007812
run_1789376009_gpu1_env0,248,1,,previous,0.750521599984495,533,0.6645610431830088,0.4526439309120178,0.8764781554539999,0.9885769486427307,0.36935484409332275,0.0,0.9744966626167297,0.9058296084403992,0.7491081953048706,0.5169376134872437,40.245182037353516,0.5315479636192322,12.31324577331543
run_1789376009_gpu1_env0,249,1,,previous,0.7302026000106707,529,0.6649760703245798,0.4576765497525533,0.8722755908966064,0.9872346520423889,0.385794997215271,0.0,0.9750854969024658,0.9034623503684998,0.7382789254188538,0.4770377576351166,40.05720138549805,0.4412696957588196,12.186735153198242
run_1789376009_gpu1_env0,250,1,,previous,0.7699905000044964,516,0.6672190179427465,0.4579834242661794,0.8764546116193136,0.9901279211044312,0.38382235169410706,0.0,0.975299596786499,0.9045103788375854,0.7495538592338562,0.25154829025268555,39.72338104248047,0.45512518286705017,12.434016227722168
run_1789376009_gpu1_env0,251,1,,previous,0.8355516000010539,525,0.664401983221372,0.451999435822169,0.876804530620575,0.9887168407440186,0.3672814667224884,0.0,0.9771599769592285,0.902359664440155,0.7508939504623413,0.41825181245803833,39.99678421020508,0.541676938533783,13.007908821105957
run_1789376009_gpu1_env0,252,1,,previous,0.7578593000071123,517,0.663239652911822,0.4540375967820485,0.8724417090415955,0.9889070391654968,0.3732057511806488,0.0,0.9769405126571655,0.900527834892273,0.7398567795753479,0.37095531821250916,39.835044860839844,0.4321436583995819,12.849101066589355
run_1789376009_gpu1_env0,253,1,,previous,0.7283758999838028,525,0.6651654889186224,0.4521837532520294,0.8781472245852152,0.9891056418418884,0.36744561791419983,0.0,0.9735669493675232,0.903697669506073,0.7571770548820496,0.2982359826564789,40.06558609008789,0.4584910571575165,12.727896690368652
run_1789376009_gpu1_env0,254,1,,previous,0.751447399990866,531,0.6660187294085821,0.4530935386816661,0.878943920135498,0.9892082214355469,0.3700723946094513,0.0,0.9738609790802002,0.9044327139854431,0.7585380673408508,0.3492797315120697,40.04486083984375,0.5032332539558411,12.63961410522461
run_1789376009_gpu1_env0,255,1,,previous,0.6383425000240095,525,0.6636191606521606,0.45335398117701214,0.8738843401273092,0.9894549250602722,0.37060701847076416,0.0,0.9745685458183289,0.9035409092903137,0.7435435652732849,0.2351692020893097,39.883426666259766,0.47341281175613403,12.581048011779785
run_1789376009_gpu1_env0,256,1,,previous,0.6206329000124242,525,0.6682128459215164,0.4610818127791087,0.8753438790639242,0.9883207678794861,0.39492467045783997,0.0,0.9740869402885437,0.9052460193634033,0.7466986775398254,0.2665822207927704,39.725181579589844,0.4308319389820099,12.03486442565918
run_1789376009_gpu1_env0,257,1,,previous,0.649562300008256,525,0.6678630063931147,0.45744507511456806,0.8782809376716614,0.9894917011260986,0.3828435242176056,0.0,0.9746943712234497,0.9025182723999023,0.7576301693916321,0.29870063066482544,39.76826095581055,0.5182527303695679,12.61314868927002
run_1789376009_gpu1_env0,258,1,,previous,0.5898865000053775,518,0.6654450794061025,0.4515284101168315,0.8793617486953735,0.988751232624054,0.36583399772644043,0.0,0.9745218753814697,0.9006891250610352,0.7628742456436157,0.35023629665374756,40.062049865722656,0.5035602450370789,12.9454927444458
run_1789376009_gpu1_env0,259,1,,previous,0.601490900007775,531,0.6681885272264481,0.4586043457190196,0.8777727087338766,0.9885114431381226,0.38730159401893616,0.0,0.974929690361023,0.9013398289680481,0.7570486068725586,0.2815852165222168,39.75640869140625,0.4942128658294678,12.873741149902344
run_1789376009_gpu1_env0,260,1,,previous,0.6118078000145033,525,0.668494830528895,0.45642077922821045,0.8805688818295797,0.9880821108818054,0.3811802268028259,0.0,0.9736697673797607,0.9009300470352173,0.767106831073761,0.39811524748802185,39.645687103271484,0.49659857153892517,13.129789352416992
run_1789376009_gpu1_env0,261,1,,previous,0.6245155000069644,521,0.6658427864313126,0.455210675795873,0.8764748970667521,0.9878542423248291,0.3777777850627899,0.0,0.9763548374176025,0.9009740352630615,0.7520958185195923,0.3955304026603699,39.69896697998047,0.4617384672164917,13.231572151184082
run_1789376009_gpu1_env0,262,1,,previous,0.5915655999851879,522,0.6667313029368719,0.4547639985879262,0.8786986072858175,0.9876894354820251,0.37660256028175354,0.0,0.9763027429580688,0.9014198780059814,0.7583732008934021,0.4863162934780121,39.787200927734375,0.5448325872421265,13.137513160705566
run_1789376009_gpu1_env0,263,1,,previous,0.6142841999826487,534,0.6680207302172979,0.4544469614823659,0.8815944989522299,0.9876323938369751,0.3757084906101227,0.0,0.9721052050590515,0.9007695317268372,0.7719087600708008,0.4654810428619385,40.05389404296875,0.4990364909172058,12.971199989318848
run_1789376009_gpu1_env0,264,1,,previous,0.6154937000246719,528,0.6663955301046371,0.4542552928129832,0.8785357673962911,0.988365888595581,0.37439998984336853,0.0,0.974816620349884,0.901054322719574,0.7597363591194153,0.3784368932247162,40.02050018310547,0.5185759663581848,12.882903099060059
run_1789376009_gpu1_env0,265,1,,previous,0.6059269999968819,525,0.6687001089255015,0.45738301674524945,0.8800172011057535,0.9879046678543091,0.3842443823814392,0.0,0.9723595380783081,0.9017857313156128,0.7659063339233398,0.3934129476547241,39.94076156616211,0.49354681372642517,12.399359703063965
run_1789376009_gpu1_env0,266,1,,previous,0.6011300999962259,529,0.668565571308136,0.45878241459528607,0.878348728020986,0.9876375794410706,0.3887096643447876,0.0,0.9753592014312744,0.900527834892273,0.7591591477394104,0.5103778839111328,39.94485855102539,0.5306081175804138,12.974851608276367
run_1789376009_gpu1_env0,267,1,,previous,0.6237580000015441,528,0.6684145430723826,0.4590762456258138,0.8777528405189514,0.9875347018241882,0.3896940350532532,0.0,0.9735042452812195,0.9053999185562134,0.7543543577194214,0.3646774888038635,39.88257598876953,0.4810733199119568,12.248797416687012
run_1789376009_gpu1_env0,268,1,,previous,0.6158234000031371,518,0.6643092830975851,0.45614824692408246,0.8724703192710876,0.9890235066413879,0.3794212341308594,0.0,0.9749130010604858,0.9046455025672913,0.7378524541854858,0.3160860240459442,39.969329833984375,0.49263039231300354,12.535719871520996
run_1789376009_gpu1_env0,269,1,,previous,0.615805100009311,520,0.6691799461841583,0.45835065841674805,0.8800092339515686,0.9879552125930786,0.3870967626571655,0.0,0.9731875658035278,0.9023104906082153,0.7645296454429626,0.4078802764415741,40.01435852050781,0.5039495825767517,12.655804634094238
run_1789376009_gpu1_env0,270,1,,previous,0.6313395999895874,521,0.6643221328655878,0.4510586162408193,0.8775856494903564,0.9885172247886658,0.3646586239337921,0.0,0.9767526984214783,0.9006085395812988,0.7553957104682922,0.3675866425037384,40.33051681518555,0.4941111207008362,13.128705978393555
run_1789376009_gpu1_env0,271,1,,previous,0.6080062999972142,533,0.6661853045225143,0.4541302025318146,0.8782404065132141,0.9876947402954102,0.37469586730003357,0.0,0.9766389727592468,0.8999595046043396,0.7581227421760559,0.25237008929252625,40.226200103759766,0.5017117261886597,13.416069030761719
run_1789376009_gpu1_env0,272,1,,previous,0.5945927999855485,521,0.6657754679520925,0.4506746530532837,0.8808762828509012,0.9880948066711426,0.3639291524887085,0.0,0.9722103476524353,0.902389645576477,0.7680288553237915,0.2582581043243408,40.27376174926758,0.5156053304672241,12.820937156677246
run_1789376009_gpu1_env0,273,1,,previous,0.6099221000040416,528,0.6647881666819254,0.45321327447891235,0.8763630588849386,0.9870591759681702,0.3725806474685669,0.0,0.9747878909111023,0.9026476740837097,0.7516536116600037,0.4417286217212677,40.281532287597656,0.48832428455352783,12.530841827392578
run_1789376009_gpu1_env0,274,1,,previous,0.6042661000101361,526,0.6652968029181162,0.455452819665273,0.8751407861709595,0.9875462651252747,0.37881219387054443,0.0,0.978460431098938,0.8999595046043396,0.7470024228096008,0.45999038219451904,40.21503829956055,0.4617587924003601,13.595695495605469
run_1789376009_gpu1_env0,275,1,,previous,0.5856752000108827,524,0.6686361283063889,0.4578672746817271,0.8794049819310507,0.9859294891357422,0.3876723349094391,0.0,0.9736005663871765,0.9048780202865601,0.7597363591194153,0.49905022978782654,40.151527404785156,0.4998070299625397,12.493765830993652
run_1789376009_gpu1_env0,276,1,,previous,0.6029488999920432,528,0.6654842843612035,0.45504539211591083,0.8759231766064962,0.9871070981025696,0.37802907824516296,0.0,0.9736825823783875,0.9028850197792053,0.7512019276618958,0.29211804270744324,40.35732650756836,0.4645967483520508,12.697944641113281
run_1789376009_gpu1_env0,277,1,,previous,0.6204278999939561,519,0.666821281115214,0.4591605067253113,0.8744820555051168,0.9868818521499634,0.39059966802597046,0.0,0.9780548810958862,0.9008129835128784,0.7445783019065857,0.5188853740692139,40.140750885009766,0.533984899520874,13.112849235534668
run_1789376009_gpu1_env0,278,1,,previous,0.6028361000062432,523,0.668000598748525,0.4569502870241801,0.8790509104728699,0.9853087067604065,0.3855421543121338,0.0,0.9745218753814697,0.9024389982223511,0.7601918578147888,0.33486539125442505,40.121246337890625,0.5095793604850769,12.728082656860352
run_1789376009_gpu1_env0,279,1,,previous,0.6224097999802325,524,0.667319784561793,0.45665140946706134,0.8779881596565247,0.9884697794914246,0.3814844489097595,0.0,0.9728572964668274,0.9022801518440247,0.7588270306587219,0.3610645532608032,39.91826629638672,0.5128201246261597,12.108575820922852
run_1789376009_gpu1_env0,280,1,,previous,0.628296600014437,520,0.6678652962048849,0.4580595890680949,0.8776710033416748,0.9869787693023682,0.3871999979019165,0.0,0.9745312333106995,0.9050324559211731,0.7534493207931519,0.3684021234512329,39.91699981689453,0.45766857266426086,12.392679214477539
run_1789376009_gpu1_env0,281,1,,previous,0.5897440999979153,517,0.6636961152156194,0.4489627381165822,0.8784294923146566,0.9874110817909241,0.35947713255882263,0.0,0.9763798713684082,0.9021518230438232,0.7567567825317383,0.5248879790306091,40.4114875793457,0.5119943618774414,13.051502227783203
run_1789376009_gpu1_env0,282,1,,previous,0.6134185999981128,527,0.6673138538996378,0.4545932610829671,0.8800344467163086,0.9870619177818298,0.37671786546707153,0.0,0.9734383821487427,0.9014998078346252,0.7651651501655579,0.5131085515022278,40.277381896972656,0.4891723096370697,13.147666931152344
run_1789376009_gpu1_env0,283,1,,previous,0.6199188999889884,531,0.6693040529886881,0.45849816004435223,0.880109945933024,0.9871922731399536,0.388302206993103,0.0,0.9740267395973206,0.9022312164306641,0.7640718817710876,0.5655010342597961,40.23999786376953,0.5065270066261292,12.893315315246582
run_1789376009_gpu1_env0,284,1,,previous,0.5809654999757186,524,0.6682713677485784,0.4580646852652232,0.8784780502319336,0.9872552752494812,0.38693878054618835,0.0,0.9741553068161011,0.9037758708000183,0.7575029730796814,0.5893875956535339,40.19725036621094,0.49328532814979553,12.762262344360352
run_1789376009_gpu1_env0,285,1,,previous,0.6044431999907829,522,0.6639170895020167,0.4498996436595917,0.8779345353444418,0.988429605960846,0.3612693250179291,0.0,0.9744028449058533,0.9028060436248779,0.756594717502594,0.34095779061317444,40.44813919067383,0.47821447253227234,12.753663063049316
run_1789376009_gpu1_env0,286,1,,previous,0.6219784999848343,526,0.6665381789207458,0.45416780312856037,0.8789085547129313,0.9868936538696289,0.37560975551605225,0.0,0.9742242693901062,0.9025974273681641,0.7599039673805237,0.5563024878501892,40.09771728515625,0.4796132743358612,12.824629783630371
run_1789376009_gpu1_env0,287,1,,previous,0.6005765000008978,527,0.666960597038269,0.455677608648936,0.8782435854276022,0.9882689714431763,0.3787638545036316,0.0,0.9768750667572021,0.901098906993866,0.7567567825317383,0.436443954706192,39.90546798706055,0.5696128606796265,13.040276527404785
run_1789376009_gpu1_env0,288,1,,previous,0.595404799998505,521,0.6704083184401194,0.4608272910118103,0.8799893458684286,0.9887810945510864,0.3937007784843445,0.0,0.974384069442749,0.901054322719574,0.7645296454429626,0.33326318860054016,39.647621154785156,0.5189217329025269,13.063384056091309
run_1789376009_gpu1_env0,289,1,,previous,0.6101019000052474,534,0.6715043236811956,0.4645596444606781,0.878449002901713,0.9855156540870667,0.40816327929496765,0.0,0.9731379747390747,0.9056143164634705,0.756594717502594,0.49088284373283386,39.55029296875,0.48644566535949707,12.137423515319824
run_1789376009_gpu1_env0,290,1,,previous,0.6069029000063892,527,0.669289176662763,0.4616994758447011,0.8768788774808248,0.9879021644592285,0.3971962630748749,0.0,0.975183367729187,0.901098906993866,0.7543543577194214,0.3758183419704437,39.888668060302734,0.5169534087181091,13.090520858764648
run_1789376009_gpu1_env0,291,1,,previous,0.6007795000041369,513,0.6680466532707214,0.4628780285517375,0.8732152779897054,0.9873995184898376,0.40123456716537476,0.0,0.9752731919288635,0.9044327139854431,0.7399399280548096,0.3841790556907654,40.010459899902344,0.4191867411136627,12.247769355773926
run_1789376009_gpu1_env0,292,1,,previous,0.5971076000132598,532,0.6700495481491089,0.4634689490000407,0.8766301472981771,0.9854609370231628,0.40494590997695923,0.0,0.9740299582481384,0.9008935689926147,0.7549669146537781,0.658679723739624,40.316341400146484,0.5312103629112244,12.367670059204102
run_1789376009_gpu1_env0,293,1,,previous,0.6275291000201833,524,0.6703244845072428,0.4647601048151652,0.8758888641993204,0.9817516803741455,0.4125286340713501,0.0,0.9751662611961365,0.9032520055770874,0.7492483258247375,0.8649764060974121,40.28337860107422,0.4999522566795349,13.174904823303223
run_1789376009_gpu1_env0,294,1,,previous,0.595597200008342,520,0.6679993867874146,0.45730743805567425,0.8786913355191549,0.9800917506217957,0.39183056354522705,0.0,0.9746317267417908,0.9017059206962585,0.7597363591194153,1.1744593381881714,40.78567123413086,0.5183122158050537,13.03652286529541
run_1789376009_gpu1_env0,295,1,,previous,0.5933845000108704,516,0.6657024919986725,0.45199565092722577,0.8794093330701193,0.9760164022445679,0.3799705505371094,0.0,0.9746533632278442,0.9002432823181152,0.7633313536643982,1.6509524583816528,40.68244171142578,0.4968297481536865,13.328801155090332
run_1789376009_gpu1_env0,296,1,,previous,0.6109310000028927,508,0.6572381357351939,0.4435401161511739,0.8709361553192139,0.9723897576332092,0.3582305908203125,0.0,0.9798887372016907,0.8989858031272888,0.7339339256286621,2.175673723220825,41.14957809448242,0.3943025767803192,13.514303207397461
run_1789376009_gpu1_env0,297,1,,previous,0.6089849999989383,511,0.6615825742483139,0.4436451296011607,0.8795200188954672,0.964922308921814,0.3660130798816681,0.0,0.9756693840026855,0.9014998078346252,0.7613908648490906,2.5452189445495605,40.98322296142578,0.5158652067184448,13.225751876831055
run_1789376009_gpu1_env0,298,1,,previous,0.5672130000020843,501,0.6587461084127426,0.44308532277743023,0.874406894048055,0.9586799740791321,0.37057599425315857,0.0,0.9778674244880676,0.9006085395812988,0.7447447180747986,2.9554102420806885,40.48960494995117,0.5057077407836914,13.266500473022461
run_1789376009_gpu1_env0,299,1,,previous,0.6075147000083234,498,0.6545041898886362,0.43380987644195557,0.875198503335317,0.9563209414482117,0.34510868787765503,0.0,0.9773102402687073,0.9006891250610352,0.7475961446762085,3.2391252517700195,41.104515075683594,0.4043576419353485,13.094080924987793
run_1789376009_gpu1_env0,300,1,,previous,0.5861771999916527,491,0.6482216864824295,0.4220416446526845,0.8744017283121744,0.9473418593406677,0.31878307461738586,0.0,0.9762471914291382,0.9020723104476929,0.7448856830596924,3.8799004554748535,40.93266677856445,0.4390794634819031,12.57276725769043
run_1789376009_gpu1_env0,301,1,,previous,0.5769209999998566,489,0.6419377326965332,0.4058415691057841,0.8780338962872823,0.929754912853241,0.28776979446411133,0.0,0.9770600199699402,0.9004469513893127,0.756594717502594,4.958221912384033,40.40982437133789,0.5065828561782837,13.354522705078125
run_1789376009_gpu1_env0,302,1,,previous,0.5733082999940962,493,0.6360859154568365,0.39381467876955867,0.8783571521441141,0.9126851558685303,0.2618741989135742,0.006884681526571512,0.9770058989524841,0.901179313659668,0.7568862438201904,6.033581256866455,40.28404998779297,0.49892452359199524,13.310213088989258
run_1789376009_gpu1_env0,303,1,,previous,0.5974696000048425,481,0.6410225642224153,0.40263460328181583,0.8794105251630148,0.8879522085189819,0.21935483813285828,0.10059676319360733,0.9732502698898315,0.9026764035224915,0.7623049020767212,7.735249042510986,39.93515396118164,0.4939022362232208,12.772553443908691
run_1789376009_gpu1_env0,304,1,,previous,0.5733058000041638,458,0.6214292533695698,0.3660070672631264,0.8768514394760132,0.8708045482635498,0.10749834030866623,0.11971831321716309,0.9736328125,0.9014998078346252,0.7554216980934143,9.793158531188965,40.90464782714844,0.46118590235710144,12.826292037963867
run_1789376009_gpu1_env0,305,1,,previous,0.5556600000127219,446,0.6036613881587982,0.32961881160736084,0.8777039647102356,0.8509916663169861,0.03999999910593033,0.09786476939916611,0.9736360311508179,0.9031733274459839,0.756302535533905,11.340296745300293,41.69485855102539,0.5112205743789673,12.527913093566895
run_1789376009_gpu1_env0,306,1,,previous,0.5512657000217587,440,0.5933430635680755,0.31060674662391347,0.8760793805122375,0.8373910188674927,0.022486772388219833,0.07194244861602783,0.9747755527496338,0.9040650129318237,0.7493975758552551,11.80925464630127,42.7315788269043,0.47126415371894836,12.348905563354492
run_1789376009_gpu1_env0,307,1,,previous,0.5541849000146613,430,0.5771741999002794,0.27723442173252505,0.8771139780680338,0.8207243084907532,0.0,0.010978956706821918,0.9740394353866577,0.90220046043396,0.7551020383834839,13.791067123413086,44.29558181762695,0.5216190814971924,12.441437721252441
run_1789376009_gpu1_env0,308,1,,previous,0.5563416999939363,421,0.5698257982730865,0.26299450794855755,0.8766570885976156,0.7889835238456726,0.0,0.0,0.9746595621109009,0.9017059206962585,0.7536057829856873,15.369928359985352,44.5362434387207,0.48272743821144104,12.94936466217041
run_1789376009_gpu1_env0,309,1,,previous,0.5428578999999445,408,0.5645402868588766,0.2514878511428833,0.8775927225748698,0.7544635534286499,0.0,0.0,0.9770058989524841,0.9012596607208252,0.7545126080513,17.38992691040039,44.16256332397461,0.5064404010772705,13.155471801757812
run_1789376009_gpu1_env0,310,1,,previous,0.5521512000123039,400,0.5587288538614908,0.23953459660212198,0.8779231111208597,0.718603789806366,0.0,0.0,0.9750198721885681,0.901992678642273,0.7567567825317383,19.153488159179688,44.56889724731445,0.49820971488952637,12.739702224731445
run_1789376009_gpu1_env0,311,1,,previous,0.5177328000136185,403,0.5517587959766388,0.22598222891489664,0.877535363038381,0.6779466867446899,0.0,0.0,0.9749923348426819,0.9028060436248779,0.754807710647583,21.31819725036621,44.51997756958008,0.4975200295448303,12.927064895629883
run_1789376009_gpu1_env0,312,1,,previous,0.5360719000163954,387,0.5449452300866445,0.21194293101628622,0.8779475291570028,0.6358287930488586,0.0,0.0,0.9744748473167419,0.901992678642273,0.7573750615119934,22.638002395629883,44.45044708251953,0.5133888721466064,12.48568058013916
run_1789376009_gpu1_env0,313,1,,previous,0.5269196000008378,382,0.5358693301677704,0.19651393095652261,0.8752247293790182,0.5895417928695679,0.0,0.0,0.9753086566925049,0.9023104906082153,0.7480550408363342,24.63083839416504,44.78044128417969,0.38687747716903687,13.036371231079102
run_1789376009_gpu1_env0,314,1,,previous,0.5309312000172213,384,0.5299019714196523,0.18438730637232462,0.87541663646698,0.5531619191169739,0.0,0.0,0.9744184613227844,0.9028850197792053,0.7489464282989502,25.883159637451172,44.63751983642578,0.45896074175834656,12.597155570983887
run_1789376009_gpu1_env0,315,1,,previous,0.5368650000018533,380,0.5190710922082266,0.1647030512491862,0.8734391331672668,0.4941091537475586,0.0,0.0,0.9772297143936157,0.9030154943466187,0.7400721907615662,28.29728126525879,44.585792541503906,0.5232045650482178,12.48299503326416
run_1789376009_gpu1_env0,316,1,,previous,0.533372000005329,372,0.511679396033287,0.14716312289237976,0.8761956691741943,0.4414893686771393,0.0,0.0,0.977114200592041,0.9020723104476929,0.7494004964828491,32.245872497558594,44.25627517700195,0.4913254678249359,12.976189613342285
run_1789376009_gpu1_env0,317,1,,previous,0.5323252000089269,362,0.5030466963847479,0.12785507241884866,0.878238320350647,0.383565217256546,0.0,0.0,0.9750076532363892,0.903697669506073,0.7560096383094788,31.774253845214844,44.89503860473633,0.5050193071365356,12.674589157104492
run_1789376009_gpu1_env0,318,1,,previous,0.5040792000072543,343,0.49842749039332074,0.11618296305338542,0.880672017733256,0.34854888916015625,0.0,0.0,0.9749419093132019,0.900527834892273,0.7665463089942932,43.77842330932617,45.01647186279297,0.5678680539131165,13.164501190185547
run_1789376009_gpu1_env0,319,1,,previous,0.49970570000004955,343,0.49166562656561535,0.1050852636496226,0.878245989481608,0.3152557909488678,0.0,0.0,0.9742368459701538,0.8995137810707092,0.7609873414039612,50.73802185058594,44.62225341796875,0.4955340027809143,13.281106948852539
run_1789376009_gpu1_env0,320,1,,previous,0.5040412000089418,333,0.4879816224177678,0.09746721386909485,0.8784960309664408,0.29240164160728455,0.0,0.0,0.9728838205337524,0.9014998078346252,0.7611044645309448,53.059661865234375,44.50155258178711,0.5018923878669739,12.632308006286621
run_1789376009_gpu1_env0,321,1,,previous,0.5093486999976449,332,0.48061152299245197,0.0823447306950887,0.8788783152898153,0.2470341920852661,0.0,0.0,0.9730884432792664,0.9045103788375854,0.759036123752594,55.381591796875,44.448551177978516,0.4848323464393616,12.104016304016113
run_1789376009_gpu1_env0,322,1,,previous,0.5124668000207748,334,0.47250639895598096,0.07375785708427429,0.8712549408276876,0.22127357125282288,0.0,0.0,0.978111982345581,0.902359664440155,0.7332931756973267,55.548423767089844,44.41625213623047,0.47678419947624207,12.575465202331543
run_1789376009_gpu1_env0,323,1,,previous,0.5050860999908764,337,0.47128323713938397,0.06224167346954346,0.8803248008092245,0.18672502040863037,0.0,0.0,0.9742148518562317,0.9011345505714417,0.765625,55.138790130615234,44.40682601928711,0.5063076615333557,13.084489822387695
run_1789376009_gpu1_env0,324,1,,previous,0.5039452999772038,339,0.46682165811459225,0.056925530234972634,0.8767177859942118,0.1707765907049179,0.0,0.0,0.9750763773918152,0.9025182723999023,0.752558708190918,55.248470306396484,44.39378356933594,0.49650344252586365,12.83484172821045
run_1789376009_gpu1_env0,325,1,,previous,0.4984569999796804,338,0.4659576639533043,0.05262182652950287,0.8792935013771057,0.1578654795885086,0.0,0.0,0.9748319983482361,0.9022312164306641,0.760817289352417,55.334083557128906,44.384315490722656,0.5073881149291992,13.187933921813965
run_1789376009_gpu1_env0,326,1,,previous,0.5381182999990415,331,0.46321433782577515,0.04882593949635824,0.877602736155192,0.1464778184890747,0.0,0.0,0.9746062755584717,0.9041429758071899,0.7540589570999146,55.394256591796875,44.377845764160156,0.5356404185295105,12.858434677124023
run_1789376009_gpu1_env0,327,1,,previous,0.4905027000058908,334,0.45995161434014636,0.04664795597394308,0.8732552727063497,0.13994386792182922,0.0,0.0,0.9755263924598694,0.9029638767242432,0.7412755489349365,55.43183898925781,44.37403869628906,0.4240594506263733,12.966909408569336
run_1789376009_gpu1_env0,328,1,,previous,0.5530322000267915,344,0.46388739347457886,0.04584348201751709,0.8819313049316406,0.13753044605255127,0.0,0.0,0.9760186076164246,0.8981406688690186,0.7716346383094788,55.45143508911133,44.37239074707031,0.5498165488243103,14.083003997802734
run_1789376009_gpu1_env0,329,1,,previous,0.5554334000044037,337,0.46262689928213757,0.04526131351788839,0.8799924850463867,0.13578394055366516,0.0,0.0,0.9753025770187378,0.9020242691040039,0.7626506090164185,55.45735168457031,44.3722038269043,0.510265588760376,13.550003051757812
